SLDSNVSDMAVNAPKGLFPPEPEHYRGPK,0
SFDILTDNDVREGMKKFSNWPTFPQLYCK,0
YVQNVISEEAEGLVKEHGPDDAQQISGPV,0
RPPSMLAMSLSRPVKMAAFVGLRSVHSFS,0
EVTRLFKHNSTVIVKDLNLKSKHKKGTED,1
IQRAKAAGNRIETAKELKKMISFNTVVVS,1
EGVVCIFRWGFPGIKRRVFLRFLMRDIQS,0
QQSQEQVTRLLEDEKRLRSLVRATVDYFH,1
GKTYVVQDGDIIFFKFNVSGGGKKXXXXX,0
IEYDWLVLALGAEAKIDVVPGSAEYAIPF,0
VKYKDPKQPVSVRVKDLLGRMTLAEKIGQ,1
NLTWADISSSDLRPKISSPESIYYLVRNP,0
TRLEGCNTCDGTGAKPGTKPTTCKTCGGQ,0
VVDLSRLAGADEAAKLRAALQNWGFFLLT,0
QLISSRKRERDTVRKLMYYLNLEEQRLQR,0
MQLADLELAEVDIKKALEIDPDNRDVKLT,1
IAEERAAVPAPEESKAMTVVDDAEKAAAT,0
WSANMMDVDAKIKLKNAELQAKKDQLRIW,0
RVREWFGWHFPELVKIVNDNYIYAKLADY,0
LGSMPSAEAMRLFVKILEEEDPGWYSRVP,0
NVGAPQVNYRESISKISEVQYVHKKQSGG,1
LIDGREAVLFLRRIKDVVEDPRSHNKLKE,1
WRGREHEIRPFGDPKASDSANLDSTAELL,0
ATFAVMQNQRAENQKAFASTMGLLLTYTL,0
FQQLACDIVNDTPRKLEWMTAVAVAISPT,0
CSEPHYSLLRIILTKMTAFITILDDIFDT,0
ERSRILLRFADLIEKHNDEIAALETWDNG,0
DTAIKRSEEVISVGKDIEKRVEELTLELI,1
KEGDLVTITNQDELKWAEDLAEPGSSLRL,0
IGTVPVGRVETGVLKPGMVVTFGPSGLTT,1
DLLTVVLKAVLDNTKINPGEIGDIVVGTV,0
PWAGAATALRIQAAKQLTGRVVTTKADKT,0
GLDYYTGVIYEAVFKGTTQVGSIAAGGRY,0
GKTLGYLIPGFILLKRLQHNSRDGPTVLV,0
PEFNPEPVVDIEMHKPKEDPKVILASTNG,0
AAAVHFWAAWCEASKQMDEVFAHLAVDFS,0
THDVVNNICDDEDIKAVSFVGSNIAGMHI,0
IPHIFFNYMVSCVLKLTRIGRFCFMMLTL,0
GGEQSLKELNAIFSKPLREFLSSEGEVDD,0
VYYGAGYVDLPDVFKLGFTTAAINAVIWG,0
EEALKVEESAPIAEKQGEQDDAPTGEKDN,0
ISYLTPPAENAGLYKGLKQLSELISSYQS,0
XXMTTAARPTWAPAKGGNEQGGTRIFGPS,0
DAAAGGGGGSAGNGKPLPPCCVKARAAAP,0
SQGKNFEVVFVSGDKDQEAFDAYFAKMPW,0
DQLRQINAALRRQAKIESYAPSLSYAPVG,0
KKVKVPTFLVPATQKVWMDIYSIPVPGAG,0
ETAALKDEIRELTGKLEFLRDRAVSFEKQ,1
RATQIITTHIDILHKLAQLLMEKETVDGE,0
LHVLDLQTMEWSRPKQQGLAPSPRAGHAG,0
IDYNPNDQRFFFPLKSYLPSQTPRGVKNL,0
SAVLSRMKQFRAMNKLKKMALKVIASNLN,0
ELGFLQSISGRVNRKTKLVFRFLDATSSD,0
QQGCFAGGTVLRVAKDLAENNRGARVLAV,1
RGQVNSFGDKPGGLKVVDAFVPLAEMFQY,0
DGDDVVALTESTFEKEVGQDRGALVEFYA,0
KAAGSSHEMPAAVQKKTVSLLEEYFGIRI,0
HIVTNYHVVGNALSKKPKPGEVVARVNIL,0
LLGMLMMMSSAPEMKVEAAGGLSVGFYAE,0
IFHHGSISLITEPCKTAHIAAAKAAKDAG,0
EVVNKIVGANPDEVKKMVDASAESFGVTA,1
SLRRQGRSVDLVEDKRLKWVFKHAERINA,1
GTHGHNLLLKVVDSKMVLQRGGGPQGRHM,1
RRTSRRGGVRCSAGKPEASAVINGSAAAR,0
IQARWRCHRDYAHYKNLQGAALTYQCAWR,0
AAASAPPAPADALPKGADSFFRTVISNME,0
MNIRLVGEANDYVGKGMAGGELVVVPVEK,0
REQWASYVLNAIKAKELFLRDVNYIVRSK,1
DATPTQIKAYETLMKAHEAALEALKPGNR,0
IAEIVSRWTGIPVSKLKQSDREKLLYLEE,0
ERQKVTPRTVMIGGKAFATYTNAKRIVKL,0
DGRDFLLRNSADQVKISSIEASTVALYFS,0
QQRLILGELQAPSVKYVVWSSDMESVALL,0
RANTFVAEVLGIDPKDVNVPVVGGHAGVT,0
APPPGMPVSLIWTQKSSLAGEHAAAGNFD,0
RGLCAIAQAESLRYKLLGGLAVRRACYGV,0
FKIMGGCDKQGFPMKQGVLTSGRVRLLLH,0
SPSPAPAPLLFAPLKPLPLLRFPPRRPRA,0
ESTYASIDLASSIIKRKLRKIKEKETDVR,0
AASLGRRLAFSSPRKAFRVRASSRVDKFS,0
NAVVSSPDKNVTIAKRCSVFPVEFVVRGY,1
DCFVQGCDASILLTKTPGGPDGEQQAIPN,0
LLTSDQTLFESPETKRLVNMFAMNQAYFF,0
KLVQLRSQEREIHEKCELEQLKLPTVNDP,0
VSSSPVSMPSGPASKKENVITKSVEKVKE,0
GYFKCLLDGNLLQTKIHNIGATLVGVDKF,0
GTVKITARDLSSLEKSKAIIANLTMVPKV,0
AELQAFAQFASALDKTSQNQLARGRRLRE,0
GFKTTAGIEPEDVAKRLMDYGFHAPTMSW,1
IVRTWGERRLEGNLKNHVDLCKMLDIVAL,0
YRAGKKAYLVNGEEKKGWFPIDYTMSSLQ,0
SVQDMDIDRPERSRKRSKSNTSPLKHFQS,0
AYRDQLIRFSSLNHKAYYKLALKASELLE,0
TYGFVFEINGPDYVKDESTDQLLVPRMKK,0
RQADLILTAGTVTMKMAPSLVRLYEQMPE,0
SRSWHGGAQLYVSLKMENARITGDLVPHV,0
GNIVLGDVIVAVDGKPIKGKSDLSRVLDD,0
CFASKTTNAGQITSKLHVIELGAQPGKPG,0
WPIALRNRDIVAVAKTGSGKTLGYLIPGF,0
DIIVSPSILSANFSKLGEQVKAVEVAGCD,0
RRNGGRNKHGRGHVKYIRCSNCAKCCPKD,1
LAEQPPRFSFYDANKPMYTSRRNLPPSMI,0
KFSCYFVDLLQEKIKSVEERFQVCNHEMH,0
RFEKEAAEMNKRSFKYAWVLDKLKAERER,0
EFIQSVDEKLGKDAKIIVACSTGGTLKPT,0
SPTRELATQIQDEAKKFGRSSRISSVCLY,0
PTDERVVLRQVGERKYGVVRFSGLTGDKV,0
TTVNDIRTPNAFDNKYYVDLQNRQGLFTS,0
MLIEVPNMAASTYDKRKFMNRTFRRLLEI,0
GNSSDHEKPNAHSEKSSQPVILKYSNGLT,0
RWRDRFVFCAEAIYKSQAETGEIKGHYLN,1
EPSVDGYLRFLVDSKLVFETLETIVDRAA,0
GSGKQMKHFNPTTRKMYDPDNHDPQYTSQ,0
AAAAVGSSVIPIVNKLQDIFSQLGSSSTI,0
YICGAGEELLALRKKLIVDDSEKARGKVE,1
EESVLAERLQVAESKAQSHNKETAALKDE,0
EKMIEYSYVNAPLQKELLADEVGNTAAFL,0
TVTVSLKQDDSTPQKVADMVNRDWLFLDF,0
DYALDIPMYFVYRNKKYIDCTGMSFRDFM,0
PCVVAEVTYDPAEMKGDRDGGFTVLGNYI,0
VDGATKAKTAMHGRKFGGNPVVAVFYPEN,0
KSLGIQKECVANLEKALHDMRGETAETKV,0
KPHSPDNRALARECKDVKIDRVYIGSCTG,0
SVVNASSSEASSDEKNVTRRRLALLGAGA,0
IEHMQRLAAMNRAYKSFIGMGYYNTHVPA,0
EGFKLLIPSKWNPSKEREFPGQVLRYEDN,1
TSVSTNAKFEVRSPKRVQIKFDEGIIGTP,0
ATDGKTAASGANGNKQQQKEEEMRKVFEK,0
SLSQWMTTRLASASKDGMVKIWDDRKSVP,0
FCLAPSHPWVEAITKKARDNVLKMEAQLA,0
INNLKADLGRALEEKSQLESRINDLEHTI,0
ANQAIFRIQCQVENKFREYFLSKNFVGIH,0
VSSPAVSSSAGKDAKQIPKDFLHIDDFDK,1
VAGLYDYGPPGCAVKANVLAFWRQHFVLE,0
TVNVGIHPSKVVVTKLKLDKDRKAILDRK,0
TDGRERGEDDTAFEKQSALFALAVSDIVL,0
TIEEELYASLGLHFKTLDMATGDLGAPAY,0
ALEDALDVEDLEADKRPEDLMLSYVSGEK,0
YVCGTDEYGTATETKAMEEGCSPREICDK,0
RNFNFTIRDHLQLGKELDLFDFDAAAEVS,0
LKYDSTLGIFDADVKPVGDNAISVDGKVI,1
PIAQGVLSGKYTPEKPPTGPRANTYTPEF,0
MAGDNVGLLLRGMQKDDIERGMVLAKPAS,1
VVNTWDEFIVALNDKKLILAPWCDEEEVE,0
EMVPDDGWVEYLNNKWDRNIVVEETANVS,0
IFSSTSDDRTHSSAKDNSSNKSYTASTSH,0
TMVKAFQERRDYLVKSFKELPGVKISEPQ,0
RSLNDREERANENDKLFKIKQEELEEAKK,1
QDTFKAHYQSVKGAKVVFDRSTGRSKGYG,1
VLEKWYPTVEEGNNKGIVVLVTSQKEGAI,0
EINDSLPVLELDDIKEENMLLKDDIQFLK,0
CVEGALGIREWLESKGHHYIVTDDKEGLN,0
LDIRDRTQRERAHIKNSAHVPLFVENDDG,0
VVEPKFLDRFPNITKRLKRPAVALVSTDG,1
LHDLITSKRYRSWQKPLERIMMKYVELCV,0
TIPEPGPTVIQTVCKSIKCVVVLISGRPL,0
EEITEKYGLEFGLWKVFSSKEGEEEEGKT,0
SYIEFAERLVLPQFKDLPNDEVNEHHRRD,0
EWDITGREDAIEYAKKHNVPIPVTKKSIY,1
YAANFSHMLGFDDPKMLELMRLYITIHTD,0
VETADRPGLLVDLVKIIDDINITVQSGEF,0
ETINEGVRRFHIFIKDRKTNILPPDTRKA,0
EASAVKIQKNVRRHKARVSYLQLQEAAIT,0
QPDLPEGTTCFASGKPAKKWSFWGRSYXX,0
AAAVFERRFASAAAKNSYDEILTGLAKPG,0
ELTEAETEYAINVVKHIYSSHVVLQYNCT,0
SEMSELGSPRELQRKELAVSEKITGLEKK,0
KNNYFRADAPDAPPKRGRGRPPKPRDPNA,0
AFTRLKDSETGLHQKSPPELIEMALKYYD,0
MDKWFAGQLKLTCPKNDTANTTVNDIRTP,0
MQTHTQAEKKIMESKKELLLKDVARANSI,0
FSGAFAKAQIAAGQKLPLNGTVFLSLNDL,0
FLKDPSEITWDIVDKKLKEIVASRGKKGT,0
SITLTFSENPYFEDKELTKTYAFADDGTT,0
LIFLYVSIATVIGYKNQRATVDACTGVGY,0
GGSGAYTINLDNFSKRLKVFYDHWKEHNS,0
NGCMSTGPHYNPAGKEHGAPEDETRHAGD,0
IVESKSVDTLTTLQKQDGQKGLFVDRGVG,0
EATGGSAERDAYLAKIVSEKRLVLINAWE,1
RSLAEDSQKTLEALKDRERALQDQLRQAT,0
SDVDGGSYELYIVPKDSAGRADYLQDAKK,0
LVGTTLVLFGGEDAKRCLLNDLHILDLET,0
LDATKVLAEAFAVSKDRLVQAKQLQKPAS,1
KTYHMVDEDEPILEKAIGTEIEWYPGKNL,0
TFFCSEKSVTAVVIKGLADHKDQLGAPLC,0
LNLLLSKVHNSNVPKLSPGFVKLHTRQFG,0
FGASWCVTSLSMNYKFEELAQTHPEILFL,0
ELGAAESSLLNCVPKEDFGGGHPDPNLTY,0
LVNVDHNFYAFRDEKTGEMNVLYKRKEGG,0
FAYVRSLIAAHFGLKASREFFSRFMDSVF,0
SETEALNMKSALESKGEVEFKVCTLGKDV,1
STVLPIRCNSWVQPKSVGDEGTPSKRIFF,0
SSQSFNVLASYLFGKNTTSEQMEMTTPVF,0
SMVVRAGAYDDELVKTAKTIASPGRGILA,1
KEMEAQISSLQEEIKGHQDKAIDHQQVEE,0
ITPPPIPEDLKTAIKSGKVRAPTHIISTI,0
VKKSSDQAVDRYIDKYIETSSPEPLFHVI,0
EEKTVVVTEDEGTSKTVEAIEETVVVAAP,0
HYVAVIMELEAKGAKVIPIFAGGLDFSGP,0
DWENSAPKQVEIPFKPARVLLQDFTGVPA,1
PLENLEPILREDIQKIWDGVPKPHAHKET,0
DHPGGDDVLLSSTGKDATDDFEDVGHSTT,1
ASFSGGWQMRMSLGKILLQDPDLLLLDEP,0
ASPHTVRRMGEAQVKNQQSMAQQNSGVQK,0
DLVQKQLLRALDREKIWSRLTTSESIEVL,0
LVVYLATLVIAGCEKRFLVAARWGGLRLR,0
KPQEIPNPEYFELDKPDSDPIAAIGIEIW,0
DQVPLIIIQDGESKKFLKAHVEPDQIVSW,0
GLKNIHQFSWPEHCKNYLSRVGTLKPRHP,0
ALKVIASNLNEEEIKGLKQMFTNMDTDNS,0
IELRKPHVGIVGDAKRVVELINREIKDQP,0
RALPENNEPILPLPKQTPQKYNGAGSHSN,0
GVLFATEALLAEHGKGIAGQRFVIQGFGN,0
DSGEIRWVIDSVVGKEDGLGVENIHGSAA,0
AVNYHGKSSNINRFKVMAKELDEGKQTDQ,0
MLLRIKQQGLDITPKILIVTRLLPDAVGT,0
EEEDEDEDEDDEEEKSKPKKKSAGKPKLP,0
MGAVNSESLLGGFIKERQEKEQIDVAVAT,0
FFGTLSREWALECMKDLLLVNLRGNLQIV,0
LYNCFSQAGELISAKIIRNKQTGQPEGYG,0
AIATPPPSEDLRYLKSSALDVWLLGYEFP,0
IASARELVRINGTTKAPVMNYAAESMLGV,0
SAGDSSVSLKVTVSKGSGPKLEFTCTAFR,1
LEDEHVIDGRTVEVKRTVPREEMSSKDGP,0
ALDIEYPTQVIEDVKSILAFNSLLITLSK,0
ARNYCGNVLRDGMVKNQKLSANILTPTTK,0
PRGRNVVLDEYGSPKVVNDGVTIARAIEL,1
PEILDAVVIPFPDAKAGEVPIAYVVRSPD,0
VAAKLESMEPCSSVKDRIGYSMITDAEEK,1
SWENSKVAEIEAEIKKYQEYLERKKAEQV,1
LQHDKSKLGSDINVKDNHHDNSHSSPKQR,0
RNLTPYEFVEGMKKKGIRVPGIGHRIKSR,0
VFGEITTKATVDYEKIVRDTCRGIGFVSD,1
EGTFDELSNSGELFKKLMENAGKMEEQME,0
WADMLLRMYVRWGEKQRYKTRVVEKSPGE,0
HGGGGKPALDRSGSKVLDGDETIFTDMAQ,0
STSGDTHLGGDDFDKRVVDWLAGNFKNDE,0
DEVEVHYTGTLLDGKKFDSSRDRGTPFKF,0
SKVQRELQLKEKERKEQELRALAQKARME,0
YAAYLYYQTTSREVKRLDSITRSPVYAQF,0
DYVDLYLIHWPVRMKKGAGFGGQNVLPTD,0
VDKVAFTGSYETGKKIMASAAPMVKPVSL,0
ETQVQELSAAEQSLKSHLTEFESKLASAE,0
GNTVAMVGLDQFITKNATLTNEKESDACP,0
IVQSVFAASVLFMVKEELVKFVVMLIARS,0
ALVAKKACELGLEVKPWIKTSLAPGSGVV,0
HFEKYGAITDSVIMKDKHTKMPRGFGFVT,0
KEGDSAIVDVDSEGKVIVLNGQSGLPELS,0
PKYDCMQNDQVNNLKVLDVVVQSYFEGNL,0
NPGYLDALKHITDLKEEGKIKTVALTNFD,1
LVRLLARHTGNPPEKIDKVMRGPFYMDSL,0
SSRVQSAMAALASSKEADWNAMRLREKEL,0
KIVSWTASEGDRLAKGDPVVVVESDKADM,0
FEGCYHGHADSFLVKAGSGVATLGLPDSP,0
DPLASSSWERVPEEKTLITPVQCKSLWRQ,0
RPGGEYHANNPEMSKLLHKAVREKSDNAY,1
RYVPLFGEYCYNPTKWRPSVPFEEQLKAF,0
MITAISENPANFKGKVVVIRGEGPKGGPG,1
KEYDKAMETYQAGLKHDPNNPELLDGVKR,0
TTTAEREIVRDIKEKLAYVALDYEQELDT,1
PRWGRCYESYSEDPKVVQSLTTLISGLQG,0
GFNIIAAHTDSPCLKLKPRSASFKSGHQM,0
LVYYKPQEVYDSMRKLAEQDEDSREDEDA,0
AGLHNYVAGSDDPTKLESSEVEAIASKYG,0
MPKGRYEIMRNYMPKVGSLGLDMMFRTCT,0
ATYNSIMKCDVDIRKDLYGNVVLSGGSTM,0
HGGISTATASSSDQKKGGLRGKLNKVVLA,0
FSGADITEICQRACKYAIRENIEKDIEME,0
AFRVEEDAVWSQVAKAQLREGLVSEAIES,0
PTKATLRSDNQEMSKEELRRQHQAELARQ,0
AEALGQLATDDLEGKFALLETSSVDDDLA,0
FGALRARVYDDEVRKWVSDTGVENIGKRL,1
VTSGVISMTFLSLSKAITIGGSFFLYSGI,0
LFRTLTDNIIVGVSKGFDKKLQLVGVGYR,1
AEAIVFSFLRDAIGKDVGLAAALIRLHFH,1
KMVPFAGWSMPIQYKDTIMDSTLNCRANG,0
FCMGDDIPLAVLSQKPHMLFDYFKQRFAQ,0
AGPEQNQSAVTSNDKKTGLGCIVVNNWSV,1
GLFVDRGVGSTKFGKSSSACSLASGLNFG,0
TGKVPTKEQVDALSKELASRSSVPGHVYE,0
VRKEIKVKIPPGVSKGSTLRVRGEGDAGP,0
GLAPEIPEDLYFLIKKAVAIRKHLERNRK,0
IVSDHYARYREYEEKAARYVKEGKIAYVE,0
ALLRKRYDHVMSMIKNSQLCGQAVISYLQ,0
VSCLMDDEATLVGGKNHSHATQDLYDSIA,0
CFRSIRFGLEEAHGKGQALQFNWLYEKGA,0
GEHVREGMTCIIAVKVPNPEFEGQTKTRL,0
QLVAQLFRMRAQMQKMMGAMQGQDTPDME,0
PRHMEIIEEIDKRFKEMVISTRKEMEGKI,1
PQGESNASENESLLKDLLSDSAFTRLKDS,0
HIRTLLLTFFFRYQKALFDEGCIYVGVPP,0
EEERRKREETERKAKLDAIAAKQLQRERE,0
PDGLMRATDVMIAGKVAVVCGYGDVGKGC,0
DLTGGACAIGEQPAKGLLNPKAMARLAVG,0
PLGLATVPENFERFKESEVYHCRWAMLAV,1
LFYPCPKNGPTFRPKVLEMGGKQQFPYMV,1
RLLSLPDFLDASIGKILKLRSKIASATSA,0
LNDLLACDAAVPASKPLSWPTSGELDDLY,0
ARCALPSSENSFSWKEYAISVALSAGLIT,0
VFSTAADNQTQVGIKVLQGEREMAADNKL,0
SVAGIINPGSDGFQKLFFGQEEIAIPVHP,0
NQTYGSLLSNLTFIKTVASGIMVPKEYIW,0
SSVVISEDDSTVDGKLVEPTASVSATETE,0
EEMFAIRFGSVENCKKFREMVEEIAEQQG,0
EMFEVVRKEANGGNKTFTNMDELIDDYKT,0
SNYNFEKPFLYLARKLAGDPNLHFVEAVA,0
GRVSKLEDELRKAKKKMGEENIQKAVKFA,0
AYTKGGERLVGQIAKRQAVVNPENTFFSV,1
PLSRLLLSLPNPSVKLPVSSPSRNAGAAV,0
GVSVFGFAGESMAVKQGLLAGRIPGLSDP,0
VGVETDKAGRILVDKRFMTNVNGVYAIGD,0
QSIVTPLTEFDHPEKGDALYAMELALALE,0
AFAAQKVVEVNALAKALAGQKDEAYFAAN,0
KGTDPEDPELILERKPSDDEPFSGLAFKI,0
GGNDEPASENAAEGKDADAKGVPDFWLTA,0
DVVVLAKQGVPSLNKPSVRGDHLFTIKVT,0
HLCRGLSSSSAAAAKPRRATTLRCGAAAR,0
GTTVNPDYTPREIAKQVSDARAKLVITIS,0
HYFDLLLAAESRAEKAKKGVHSAKESPVM,0
GAAAARALVVADATKKAVAVLKGTSQVEG,1
TLYYFTIEVKEGDAKKLYEAKVWEKPWMD,0
RNQIAAEAAGASEQKAPPVADGIDSSSQD,0
VLQHPWLRDGEASDKPIDSAVLSRMKQFR,0
GKSNQGKFALDVAVKSLDLFKDYFATPYP,0
VDNTTSVTVRDRDSKDQIRVEVDEVASVV,0
EKALREIRGEIAEVKFMSEKKITDAQSLE,1
SRKDTLEAEKKMLSKALAEQQKITTEAHE,1
SDSIESIEKTAQSIKVLKQIGAYADAEKT,1
VDPGSAQVGGAWGVKLAADALLDDLADAE,0
VTEAVSNLSITEPHKKNRIQVSNTKKPLF,0
ENNDGSQKISGDSLKNVYKSFVSEYPIVS,1
LMFEKYKVPALFLAKNAVLTSFASGRATS,0
RAAKVVVAVKADPLKVMIAGAPASGKGTQ,0
SYGMMQASDVVIRAKEVVHNRNTLVRLLA,1
RDVYSDPRVEFPSNKVETDVKTDNRADDN,0
DCWLIIGGKVYNVSKFLEDHPGGDDVLLS,0
DNCEELIPEWLSFVKGIVDSEDLPLNISR,0
LGVSEAFKADQNDLKLNLGVGAYRTEELQ,0
GSTREKAPQKDNLVKMTTRRPRRKKQAEA,0
AREDFTKRDDEQWMKHSLGYWENEKVRLA,0
GDLLIDGHSTGFCAKGCAAIVDSGTSLLA,0
ETVDRFCKPIMMKPKPAPKPQTPPQTPPT,0
PFAGSSHAKGIVLEKIGIEAKQPNSAIRK,1
TLDDGSVAEFVFNLKWPVKNEEWLSVPKD,0
QDENRHGDFFSALLKAQPQFLNDWKAKLW,0
FPGAVFLKVDVDELKEVAEKYNVEAMPTF,1
GAGAVAVCRAAGKGKEVLSGVVFQPFEEL,1
AVAAAPAKKEKISKKHDEGVVTNKYRPKE,1
PGHGDVFPSLNNSGKLDTLLAQGKEYVFV,0
NWIMGDIAAYLKNEKLSIDEIKLTPLELS,1
SIWYALKKGPQFVAKRKKLATDVTQEHLR,0
TKRFRDMEQLSGGEKTVAALALLFAIHRP,0
DDALAAGLPPEEKPKLCDAACEKDLENVP,0
MSVNAMGWEGQVNPKVNEVQKAQDCLLPM,0
ILTTRSKPHLVETFKHYKEIHGRHIEEDL,0
GVSLLLPTDVVVADKFAADAESKTVAASA,0
TETNKNLDEIVELAKKLQEETNIKPLWGT,1
VGRFHNIYGPFGTWKGGREKAPAAFCRKA,0
SGYSERSTFLRDNAKVVRVDAANIKESVE,1
SARCMLTIFTLFATKTEASLLRMLKGSPD,0
ATSTKVDISGVKVDKFDDKYFARDKKAKA,1
SLNETEVTTVVCGQKELKKMIDISGQLDT,0
YTKKETERLERMLEKSISPSKADEFIIKK,0
VDTFTSLGFNVYGAKNAPYVWVHFPGRNS,0
ETEISTLETTIEELKTKASNAESRAEQAL,0
KAPFMVRAEATPPAKQGADRQLWFASKQS,0
GDSLRDVHDISLNLKLSLDSEKSSTKENS,0
LLACLLEPFMPTFSKDVLQQLNLSPEEHL,0
TSPIGGEFLTDCMMKSLESKGVVIRPRYS,0
RSEARTGCRLGITRKNFGRVMMALAVDVS,0
CSGKVYYELDEERRKKERDDVAICRVEQL,0
XMGKPSLKKKSGGGKSGEHGGGGKPALDR,0
ALAAVPNDNPTIFDKIIKKEIPSTVVFDD,0
AAAAAAPAAGKYVPKFKRGGDGGSSAGGQ,0
VPKELLFSDGHPVAKDFNRIVCTCFNGAS,1
PRRVEARHYISVYDKLPTRNETILEFAKL,0
TLVVYAKTDIAAGSKGITAFIIEKGMPGF,0
DITVNLPDQSHVILKGISTDRIIDVRRLL,0
XXMAEQANQPTVLQKFGGQFHLGSSFSEG,0
LEKVCADLVKGAKDKQLRVKGPVRIPTKV,0
IRGLLKEVELAGQEKQGVSQRAILAFAAA,1
TAAKNKWIGFEKGNKDLVLRKVNTIKDDL,1
SWSQNAIHATNAWLKEGLKPRCITRDLKW,0
PPNVVDGNPCLEYIKYIVFPWFEMFEVVR,0
DPQAIPTTAALKSAKIIVDRLLERQKVDN,1
FAYEQAAIPVIPGRKSRVETFAGANRTYT,0
PSLAAIDALYEDGYKNRPSSSQQEADNLE,0
GATVIRDEVGLSLDKADKSVLGTAAKVVL,1
VSSCAGHSLISWGNKFFSVAGHTKDPSEN,0
EQEKAARESLEKQQKLLNRTIVTEILPAK,1
RVNMQRDEASVSSDKERQEKYGDENGISN,0
GGDVVACRGPASYFKQRCPLTRTGGGDVE,1
RLMWSTQFESFLAQKWTTAKRFGLEGAET,0
GGLVEYVKWLNTDKKSLHDPIAFRKEMDG,0
DNIDHQRLENEELLKRERADLQRNLQLHR,1
RRVLQVNARTAGAAKNIEVEVDKPLGLTL,0
NLRIANLVNFSLDSKRENREVPSRASLFS,0
VPVTSEVAELKAKLKEALYGTERGLRASS,1
PETIALVLWGTDNIKTYGESLAQVLWMIG,0
EKLRTLFTFLGECLKLIVADNELGSLKLA,0
TSLERRVTMRAFGAKLVLTDPTKGMGGTV,0
XXXMAVPLLTKKIVKKRVKQFKRPHSDRY,0
DGIGQMFQGPELWTKIASDPTTRAYLEQP,0
TAALLYSSGTTGDSKGVILTHRNFIAAAR,0
LHIIHIAAEMAPVAKVGGLADVISGLGKA,0
QNEDYRSPAVPALTKTLLEDVKQIFKTTT,1
TPEQWEKIADVIQEKKHMPFFDVAYQGFA,1
RRRWVIHVERITREKVNGSTVNVGIHPSK,0
ARRLIPSMNRVLVEKLLQPNKSAGGILLP,0
AEKMGLDYMDVEALKKMNKNKKLVKKLAK,0
EKILRRKALSALEEKVITILSEQGYVAKD,0
SAATGDELIEDLKAKWDAVENKSTVLTYA,1
SRMQKDSVQPFTWYKTMFSTPKGTDPVAI,0
LFYGPPGCGKTLLAKAIANECQANFISVK,0
EKHIPTRQVTVGQFKLPKFKISFGFEASD,0
SRALLPDANQESSSKQQAGGSTREKAPQK,0
AVRHVLLRQGVLGIKVKIMLDWDPKGKQG,0
SLDARQDIVVVEVPKLGKAAAQKAIKEWG,0
ICGEETALLESLEGKQGKPRLKPPFPANA,0
GMLQAAAERLASYMKEEEVLEGIVYPPIS,0
NVDILRDFCMEQNIKYFYDIKDLSNFKAN,0
GGEVMYDQRLFNQDKGMDSGFATDDQYNI,0
EERFSSGLEPENVDKEFLRLWFKNNCNPY,0
AGGPAAVSFLTNIAKAAAGLGAAASLLSA,0
QSTILDYLHQHEVSKSLATKELVWFLASA,0
TELDDGSALFITVAKYLSPALHEIDQVGI,0
IGIVEDSYSLSVARKQTLTSLLRLLNAYR,0
GKKVSAYIARLRNSKPGVPLISPPPHHDI,0
GLHELIDRVSTSYDKFFFGDAAREIYDFF,1
RQDPMLVLKFIWMEKNIGIALDQLVPGYG,0
VQSILKFNDLNEVIKRANASQYGLAAGVF,1
VERYFWTMVNQPNFKKVLGDVKQAESVPP,0
RVDLDNADNPTWDDKLTVPLPPSTRLDDA,0
WARGPWSASDADELKVKEETSATIRCFPF,0
LNEAFASQFVYCCNKLGLDRSKVNVNGGA,0
LTVKREREIEQGINKRLSRKLDRKWKQSI,1
EAYGVTAVPYFVFLKEGKTVDTLEGANPA,0
EKHGVKLGLMSCFVKAAVSALQNQPIVNA,0
AMNGRRNLVTVPLTKYSTFPHRADADYGA,0
LAFLGFLVQHNVTQKGPFDNLLQHLSDPW,0
KNLERWHDNEEKRLKDREDELDIKYKEQG,0
ALTDKEVLGEGDTAKLEIQIKLDKEKKIL,0
WERIKKSEAELLAEKRCVAHLTGEGNAFC,1
SRVRLRHAQLPDEAKELDKELRQVTKDKN,1
WLRFCNPELSEIVTKWLKTDQWTSNLDLL,0
LGVSAAAADEAPAEKTEFDVVIEEVPSSA,0
FNVPGMPFSNDSNLKSQGAIYLKEITFRS,0
EIEPMGDLNTEAEKKLGRLVKEKYGTEFF,0
DPGHMCTAPDQPTTKRPWKCCDSIVQLPQ,0
DPDEVNALAQLMTWKTAVANIPYGGAKGG,0
MLVSPVEGGDLLHCKPHFDHHPNVWGDYF,0
LRIDSIPSTSLDAIKEWLDTTDLKYYESR,0
FEGLCKVIKEVLGDKVEKVVVSDRVVDSP,1
KDVARANSIEVSILKDRLYKLDSEKPRPY,0
XXXXXXXXXXXMASKEEVAVETVEGGAAA,1
RTTNHRPPRRRGERKEEREMEAAAAAGVQ,0
IGRRFEDPQTQKEMKMVPYKIVKAPNGDA,1
RKSEPIPEVNDEPVKVVVADNVHDFVFKS,0
PPSSPSPLAPAEATKNESESESAATESAP,0
DANSNVSVIINPTTKKTITEFGSPEEFLA,0
DIQAVNVVINFDFPKSAETYLHRVGRSGR,0
ERVLEGEKLPVVTAKITMVDLPLGATEDR,0
MKNAVVVPHIASASKWTREGMATLAALNV,0
EGPRVSEETARAEAKALVAAVKSAGHAAA,1
ETELEDRQLRIEDAKNATFAAIEEGIVPG,0
RTQETLEEGCKLITKAWESYHDVKISDRS,0
YPRATPEMWPSLIAKCKEGGADVIETYVF,0
EFGSTGTLVSGVEAKIVDIKTLKHLPPNQ,0
LALLGAGALATGLLKSSSAYAEEVPKNYK,0
VSVSYIEAILGTVKKVRTVDGNSELRIPP,0
KEEVVTREYTINLHKRLHSCTFKKKAPNA,1
KTVGGILLPSTAQSKPQGGEVVAVGEGRT,0
LLSHRGNKIRFKDPKNLEDILRKGFSTGL,0
LCQAVDLRHLEENIKSSVKNCVTQVAKKV,1
TTPVFTRKGEPDGEKMDMTTPVITKKSAN,0
RDGSVLMSVSLDQLKAPELLYRSLAAKLV,0
HAADLQIGVAPFEEKHRRYFDFQRRSGQL,0
LMLKQLGDILGLTRKEAQNVHIKMAEKAF,0
KMILDEWKRLYSNTKTNFREVAIKGFWDM,1
DVPYARELVIQVDQKNEAVLLPIYGSMVP,0
KLRLSAYQSLSAWRKSVDGAVGGLTASVD,0
VNTISAGPLGSRAAKAIGFIEKMIEYSYV,1
FFASIEKATLELGWKPEYDLVEGLTDSYN,0
VVLIMESVADIVVEKVKAKLAKLTVGPPE,0
VERRENQREDRDAEKWDRERKDSQKDKEG,0
FTTLDDALKVESQLKMLERRRFGKNSPDI,1
LLADGGFNGTSSVDKITDKKDLSHTIRGE,0
ILDPKKAQNLAISLKALSVSAEQVRAAVM,0
RSPRGGGSNFDSSNKLYVGNLAWGVDNST,0
ADTKSLQENIEARTKQLMPLYTQIAIRFA,0
LENEKKSFDAMLVQKEADLVQREKDVRSS,1
ASVPKLNLDDAFEQKNDIAKAVEDELEKA,1
EFRAASQKNGGTGVKDFMDGMGLGVLAEQ,0
RAAMEELKGELAHLKDQHEKERQNWETTC,0
TEDAQNLISRLQTEKESFEMRARHLEEEL,0
AITATQKTVDGPSSKDWRGGRAASFNIIP,1
WWNNISSRESWEYVKSLQRPPSAAHAGNA,0
NGFVAVEIPFTPRAKRVLELSLEEARQLG,0
RNLIFQPDREALVSKIKSTYNEITGSSSX,1
SLSTKFVPTIMNILKRLADEGQRPAAPER,0
MVPKVGEIYRNCEIKTIAPYGAFVEIAPG,0
PGVYAIADVAAFPMKLYNEIRRVEHVDHA,0
DLFINQMNLLDRAVKMVAELDEPEEMNYV,0
AIKCATITPDEARVKEFNLKQMWKSPNGT,1
ERRGGEGSPGAAAGKDGGAASEYLIEEEE,0
VPQKDLAELAFKEKKKQEQCSYNVIAYKD,0
VQRGLEVFVAQSYSKNLGLYAERIGAINV,0
RMSAVYQAAVDVIEKNAPELLRNLTKSAG,0
MAQRIDNLVDTEESKSFYLQYTFPPSSVG,0
AQEFLRKKGLAAADKRAGRATAEGRIGSY,1
FAEGTRGIALNLESKNVGIVLMGDGLMIQ,0
RFPRPGLQGTDESSKGPVPADERSKDAHE,0
KFDDLKELGSESAVKAAGKYRQEGKTYVV,0
FKPKFIFYATYLSEKIGYWRYITIFRHLK,0
YVTKCSGEGIYFAAKSGRMCAEAIVAGSA,0
KTGTTDDKRLQSTLKRVGVNTIPAIEEVN,1
RFGLEGAETLIPGMKEMFDRAADLGVESI,0
VYEAKVWVKPWLDFKELQEFRNTGDATTF,0
PRGARMQVAAAADSKNILVMGGTRFIGVF,0
VVDPEKVIVGGKNSKQEPGYGADVLRLWV,0
FQIAARGAFREGLRKAGPRLLEPIMKVEV,0
FPRKEGMERKDVMSKNVSIYKSQASALEA,1
PQSGAYYDLWVDGEKIMSAEEPPEVTKAR,0
QGQLFEALNISALWKLPAILVCENNHYGM,0
PPCSFTPDEISYLTKRIQNGGTEVVEAKA,0
VVDEEGYLRLVGRIKELINRGGEKISPIE,1
SEQSMRDAIEGMNGKELDGRNITVNEAQS,1
QRKSLNDMKKILHEKEEVLLKEQALLNQR,1
GFALVGGPARQDHPKAIAALQKLDVPYIV,0
AFMASTAASEAMQEKRVAGEYTAANVQVL,0
ADEAEPGTEKKKKKKKHKLEEEPQEQEKS,0
GGRGDEEELAKENVKNASSSTGNITLSVT,1
YESLELSRLVVNQNKKNLLENWLAEDKLE,1
VAQDSESESLKQTAKLVYQTALMESGFNL,0
PRGAIIGDTIVSGTKVPISMGNALPLTDM,0
XXMIIPKKNRNEICKYLFQEGVLYAKKDY,1
WGGWSLFQALLQTLKKVSLKHGVSISTVA,0
VPYDKLSHVYTAILKPDNEVRILVDGEEK,0
AAAGGLSVRCEQSEKQKRQPLSALVPREQ,0
GPGTSMEFSLAIVEKLFGRERAVELAKTM,0
SFKSKPNVWAYFSVKSGGGIHEFADSQFG,0
LVSVNDPFVMKAWAKSYPENKHVKFLADG,1
KLEEREKKIAEREEKVSAREKVGLQKLLE,0
LVSARKTLEAVDILKLMTSTYIVALCQAV,0
SEKEEVAEKVVVHEKTIEHLREEHSRGLE,0
LEMIQNHLNLIMGEKVAAPLDTVVEISNL,0
YSFASGDSRFTRLMKECDERIAEELSEVP,0
EVEQAAEVGEVTAPKLPDKAVDKAQVHDD,0
SLSQLQASYNELDAKHSLLNDEKNSAQKA,0
VLMRAEQSAKQQKLKIWENYVEGEEVSNG,0
LAPWCDEEEVEKDVKARTKGDLGAAKTLC,0
VPSNDVGRPYVGGSKKVAACAKHYVGDGG,0
INQWANVTRWEMRTKPFIRTLEFLWQEGH,0
GAGSATLSMAFAAAKFGDACLRAMRGDAG,0
TDITKETWVLTDEAKGYVAGGSPEAQLVA,0
EAVVFTTNRLRSELKHLKSPVADEVSLAL,0
SKDAGLRRLVYLMIKELSPSSDEVIIVTS,0
EQLEKSPFLERLTKKNYEVIYFTDPVDEY,0
EKAKTLPESTSNENKLILYGLYKQATVGD,1
IFDTGSSNLWVPSAKCYFSIACYLHSRYN,0
QQGVTYTDFVDLCQKPEAVKEVLGSLSKA,0
WHQNVYAQAAGLDGKDRHFEWIGEPQTIL,0
TAISHVQNLITGVTKGYRYKMRFVYAHFP,0
DGVSMAALALMNQDKVLMESWYYLKDAVL,0
QTFVTKIVTLMKEEKLYSWQGGPIILQQI,0
DNPYVIPEMDPTLRKQIQQCNWQVVNVTT,0
EANRMNQDLVLQISKLQDEFNEMQEGLTN,0
PSDPELIYLTDGASKGVMQMLNTIIRNER,0
YANNSNYKKDTMIRKEVFVSPSVLREATR,1
IERVFAIMEQQEMEKNQIRATETEVLVSI,0
RIPAEFVTSTNRQVKGAQLWGTDIYTNDS,0
ISSLAHALHLGKHDKEHESEEKAKEGETA,0
MSILTLLDENIASAKTNNQEEAVAFMENV,0
XMAAAAVYGGMKGGKLGVEEAHELQLNRI,0
VRHGSPAQKLKYLPKLISGEHVGALAMSE,0
VPGKPGNLLRIAPAKIVGKNIPKNXXXXX,1
LPDTGQWLLLALNEKLPQSVVDLLRAHVI,0
TGDATTFTNADLGAKKGGHEPGWRDVPVH,0
EKLREIGFIVYSIGKPLDAWLKDMPAVAX,0
IKEKETDVRHLKGTKPPVSDWPPSLLDNN,0
SCPGVENVVRYHVAKALKANRKEGAALVR,1
LEFRRDHMEVISPMKDGTVTDWDIVDNIW,0
QHTDVLEALSPNVRKRVEYLREIQGQHDE,0
DLKPYAVVWIDDGAKCSTRVDLDNADNPT,0
GDPIMIEFGSSEFLKEVSGTFGPYEGSTV,0
VFSTAPSHNTMYSYKDTERRREWVAHLQA,0
DPKCPRLVSLVDKVKEIVETNEVRRLPKI,1
TLAQIAEGCAKVMLKNLEQVVSMILNGFQ,0
ASLTHTPAQTAPSPKPVSAAPAVVPVTDK,0
HMRLVLGSAMGLCYKQKNFATAEHFARML,0
TAAEMAPAASGEEGKPFVEEMRAVAMRLH,0
YVEPGPGGDPIRNPKVLPTGKNIHALDPQ,0
KAHTNWPTFPQIFIKGEFVGGSDIILDMH,0
KTVLDTVAEAAEDWKIDDIKGLLGRCNFR,0
XXXXMMIRSPEPEVKIVVDRDPVKTSFEE,1
AEAAFARLIDSLGKKIFQAEDALTEGYDK,1
TFQEYKRNAFLEADKQCSNMIQIMERKLR,0
GARMHHLSVCQWEVKLKLDCDGPASGTWR,0
ASAGNVGNENILEQKKANPIALLLSSAMM,0
CATVLTKAIFTEGCKSVAAGMNAMDLRRG,0
KSNIEEEIDRLEPVKEELETRIGKKEREV,0
ETVQVSSDEAIEMAKALALKEGLLVGISS,0
AFLAPLRTSSAVCTKAVSNSDGTPGTSSS,0
TVIYEVELVSFVKDKESWDLNNTEKIETA,1
KFKSIDTETFLEFLKTNVPGIENQIDLQL,0
NELASIVEARDNLKKELLDVFKKLESTSQ,1
YCGYVAVAKVNNIEKAKVNTSIKPIDITD,0
NGQNISAADLSLAPKLYHLQVALEHFKGW,0
PASLGVAAGPAVLEKVQEMAQQNGASATS,0
GRGPQIVSSIISTAKQCNLDKDVPLPEEG,0
PPAAVAAEEAPTARKECYGVFCTTYDLRA,0
AASQGIYYYFYQILKNKVEDLAVARGKKG,0
NIIPSSTGAAKAVGKVLPDLNGKLTGMSF,1
KGDSYIREQTGNIYKNVKRKIERGVAFPT,1
EVEVAPPQAMEVRVKILFTSLCHTDVYFW,0
CPSVKNILLLDSEGKRVAVKYYTDDWPTL,1
PVGGGVSSLNMQLRKELDLYASLVNCSNF,0
WTIVQGLPIDEFSRKKMDATAQELSEEKT,0
VDSSMIAVVKNDIVKLFDTIKSYDDGTFY,1
ESEGFAIYDAMMRMKTEKIRIHTLCIGAA,0
CGNKVDVKNRQVKAKQVTFHRKKNLQYYE,1
ATPHASVLDAYPHVKAWWTDLMARPSSQK,0
NIVEREGISFRHPCKPLLIATYNPEEGSV,0
RAEAEQISNQMEELKAEAELQLYSPIFHL,0
CAEHNVHLVTVPSAKTLGEWAGLCKIDSE,0
NILAADGIQKNFEGKLVGADRSKDLAVLK,1
REIAERVNNLYGGRKWKKMGGRGGSLFKV,0
IFYPCMQCADIFFLKADICQLGMDQRKAQ,0
VVSEAEKVKTWLEEKEAIQKSTPVYSPPA,0
QIEALPTFIIFKNGKPCHRFEGALPANQL,0
PADQQMLIHQGKILKDDTTLEGNKVAENS,1
HSRGKALAKDVDFEKIARRTPGFTGADLQ,1
DDISVNRSAENSSQKNIPLDGVSAQSIKP,0
EDNGLKPLFVIPHQKHREEVEETVGKDTN,0
QGSSASSGQVVMESKVKAKKKKGSGAGNL,0
EGSTVITSINFITNKQTYGPFGRQEGTPF,0
SEHELRDLFRWSRCKKAMPESSMRSIGIP,0
TSKIFETPPSSDSDKEKLVDIIQDWKTER,1
GGGDASAGEEAQEYKVKVPERQDPMLVLK,0
LMIVEPEQRVPDFIKAGADIVSVHCEQSS,0
SEVSQWCKTVDYLGKRRKITLISDFGEIS,1
FSTYEGSEDLEQDLKLLLSPLRVGAEAFS,0
FVVPYSEEYKSSLEKAAELLHKASECSDS,0
ERVVMLFCALNNIRKTSLFPRDPQRLVPX,0
RKDAWEELRAKLEEKEWISQKQMIILLNQ,1
GGEGGEQLVVCQPCKLPLNASRLVVGNGT,0
DVNKPCHLTSFVGYKAGMTHIVREVEKPG,0
LHIHRAMHAVIDRQKNHGMHFRVLAKALR,0
DEYRMNGYSEIEREKANLINATSISLEQL,0
IVTDLRLWCRDAIDKILFRIKQFQVSLVL,0
GMGLGVLAEQLGELKLGELLDTPPPGLDE,0
GPDLPLPKDPSVTIKEVPAKIVAVAAFSG,0
DEARTPLIISGLAEKPSDRYYKAAKIAEV,0
GLNLKNESVMAIFSKVVRKLFLNYIQRAK,0
QLEHKGKALEHATSKKIDLEALYQSLLED,0
PSIVFIDEIDAVGTKRYDAHSGGEREIQR,0
EEREKLALVNTEVSKLTQKLSKSAEMEKK,0
PNKKNILVIGPVPGKKYSEIVFPILSPDP,0
PFQRISYTKAVELLKNVTDKKFENKVEWG,1
GDGPTTVTGSVSGLKPGLHGFHIHALGDT,0
PPEGDASRRGVPRVKVVYVVLEAQYQSSV,0
GNHSTTQVPDFLNAKINGRPVKEVIKDTK,0
EALDQINEPKRPSDKPLRLPLQDVYKIGG,0
GGRQGGSITAALFLKQFVDEKVQWMHIDM,0
GYNGQMMPNGNQVFKLNWATSGAGEKRGD,0
RFVLDGEMPPYLLAKDLILQIIGEISVSG,0
LDQPIILTGYSALNKLLGREVYSSHMQLG,0
ASSSSPSGEGGFSGKVGFLGLGIMGAPMA,0
QQQELREPSGIMAFKFILGVALLSVLIGV,0
LAAVHAIITCSASNKNSPPSARQQQQTTT,0
EKTQGVDIAGYGSSKVVSTQAPVQLGSLR,0
QTVVFPKGNPLPSVKALTFYRSNTFQVDV,0
EGFTESISYDWQLYKYDIMGSKAHASMLA,0
ANKTFILTPEQYIVKLEQGGQTVCISGFM,0
EAMALGRTFQESFQKAVRSLETGFAGWGC,1
GRQWKEKQVRKITDKVFDRLTEDTKKREQ,1
SNIAGMHIYSRASAKGKRVQSNMGAKNHA,0
GALVSGRRAAEALAKDRGLSLAXXXXXXX,1
IQDELEKVNEEASDKVLEVEQKYSEIRRP,1
AGKDAESAYWELVIKDIQDACKLFEPIYD,0
VRKNGTCAWLRPDGKTQVTVEYLNDAGAM,0
IYCAHMASNVIFTVKIDNPIGATNIGRAY,0
LGANAILAVSLAICKAGAIIKKIPLYQHI,0
LRRECCSFSNGEYVKAGLAELEQWCIYAT,0
ACRMILAGYEHDIDKVVPELVYCLDTPEL,0
VIDVGTNSISDPTRKSGYRLVGDVDFAEV,0
TSLHLAVPGLRLAAKGKVRDVYESGEHLV,0
LETSSVDDDLAQMKKEISGSSSKGELPPG,0
ADDELRHTVAGFDVKGRYKSRFSAMKKLV,0
GALVNSGGRLSLLQKCSRIFKFSPRKKAE,0
RKIGSGSFGSVYRAKLPDGREVAIKRAER,1
FQGAVDAARKANSAKTWKEVCFACVDAEE,0
STPAANFSNEDDERKAPTGFHPSLWGDFF,0
RELGEGGIDNYLSVKQVTEYASDEPWGWY,0
METDAKVEPSKKKVKKTNVPVAELVYGAL,0
EEVLAYCRRNLAAFKVPKKVYIADELPKT,0
ILDWSDRLFLRVEPKEERNLAFWPDHPES,0
AMLKTELRNMERSQKREGIDMTYLKNVIL,0
PGAKEVAIETASFSKYAGFTGVRLGWTVV,0
VGPEYYVGILSFVDKDQLEPGCSILMHNK,0
SDQQGSPEPPDQEAKPKKYHFLVANAKFM,0
PNEAAAAETSAEGEKPEESKRDVEKDDPS,0
KSKAEADGEAMDLDKPSNVADEAEPGTEK,0
STEMGSLQEIITSTKKGSITSIQAVYVPA,0
ASGDYPDCTDLAYQKAVDDGADVIDCSIQ,0
INPARSLGTAVIYNKDKAWDDQWIFWVGP,1
ETPAIDVCHGLLGDKAQISIYDPQVTEDQ,0
FCWTMQFIGHGVFEKRAPALLDNLVQAFL,0
DEFSERVVQVNRVTKVVKGGRQLSFRAIV,0
ESLLSIYEDVIVEVKGDALVDDVFAEIDK,0
MTRSYVEDNINRSRKRMDVSALDMLQFHW,0
PTRFKEDEEKEKLAKEIAKDWNAVFERSI,1
XXXXMKRMQRMPTRKSHSWWWDSHISPKN,0
LNTKIASFLDPDGWKVVLVDNADFLKELQ,0
TSLLLEGSRREAEDKIVPREIDADDSDVE,1
PLGYVPKEDILYAIKAIVVTQRENGRRDD,0
VPSELVALSNMPVIKETVHGPLKTVYYEE,0
ALSEALEVTVWRDGKEYRQNYSRGKAITM,0
AVESLSREILTIQAKGDKPAAQSLLQSHA,0
IDTDTWNPSTDRHLKVQYNANDLQGKAAN,0
ETYLEGGEIDEETVKRLIRKGTISASFVP,0
DLDNNVHYLDIAPLKIDVGKYSLVFEISL,0
GKGATKVYSTIDLEKARVGRTRMITNEPI,1
ECGGIEIEENWDKVKTVFLPTEKAMTPDA,1
EKRKALLAFKAEERKVEVDKDLQSMQPLS,1
IANHFSTGAVLCGQKQMSEEITSALVADG,0
YFDRRSAAAAAAETKTFVRVVTNVGAGAA,1
PEGLRIFYYLVQDLKCFVFSLINLHFKIK,0
GDSLEEFLTKATPDKNLIRLLICMGEAMR,1
HYTSLQEAQRSLADKDKELADATQSLKEL,0
MEFSSFSSGTERAVKTWQATVRVSESGIM,0
GMEIANGNAKKKGSKRPLVEESFFTWFTD,0
PQEASRASNFMRASKYGMPITANGVHSLF,0
LAVTENKVELFHTEKENLVIANSKLNEEL,0
QLGAPLCPCRHYDDKAAEVAQGFWNCPCV,0
KNADVLSALAEQGIKPDYQLYNTAFIKWA,0
CVGANDELLTAKWYKENGIELVLGTKVIT,0
VTMDVASPEAGIIEKFVASEGGIVTPGVK,0
SMDAERQQLRTVNSKLRTNLDEARVALEA,0
AGAYCMSMASTYNLKLRPPEYWVEDDGSI,0
GDRKPGGDGDKKDRKFEPPAAPSRVGRKQ,0
LSRPPPPFARRRRFKVTAMAPQKKVNRYD,0
VDSISFTYLDHAGEKHKAGPWGGPGGDPI,0
RYRYGDEQHLDEALKRIFQYGLGGGIPRR,0
AGGALAQAALAEAAKPIKLGPPPPPSGGL,0
SAGMDIKGVAAEIQKDKSTPLVQKVFTAE,1
SVGYTLDQIPNDITKKTPASFEPSIDYVV,0
SAHTAAIYAARAELKPVLFEGWLANDIAA,0
DDIHEDNGHGHFLMKSTSDLQKVISSCFG,0
VRMYRPAATGGAEEKLPVVVYFHGGGFCI,0
EDVQMVIETMASQGKEPTFCMGDDIPLAV,0
XMAMKGPGLFSDIGKRAKDLLTKDYTYDQ,1
DSTIGLAAAKAAGMKCIVTKSGYTAEEDF,1
DKENLVNGNSNLQVKEAHNDEDDGTGSDG,0
SSSVLEAPEEVAARKLYVGNIPRTVTNDE,1
VIEQRMLEPLLHHHKLVLSALCFAVRTGN,0
SQSECTAEQAYTWSKGRAVFASGSPFDPV,0
NVVLPDADNTFHAIKALSQSDGRWRYDTN,0
VANAEGVAEATIVDKQIPLSGPNSVVGRA,0
PSPIFGGSTGGLLRKAQVEEFYVITWTSP,1
DQEFINVKLSDYIGKKYVILFFYPLDFTF,1
HATQPLFVSGGDDYKIKVWNYKTHRCLFT,0
RAGQNGYHHRTEMNKKVYKIGKSGQESHA,0
IYLVGDDSLFPWRWKIRPPGFINLQILPQ,0
VPVAACGVLNVPFAKLLQRYQSRFMAAQD,0
IDDYKTGALHPADVKPALAKAINQILQPI,0
KEQYEKILKYIDIGKREGATLVTGGKPCG,0
VTTDDAINWGMAYPKIITSSCIVGRLLND,0
NVAYSIIAAGWARVKEQGPKGGEPSPYLT,0
GRGGANGYGYSHQTKPAQTTPSYNHPQPP,0
VENFYMTDAITRASKIMAQCSATLLKKXX,0
HDPTCWEWPGLSLPKGLDFSRIALGRDFL,0
LEQYIYCSSAGVYLKSDLLPHFETDAVDP,0
LDTWPSSEVLELFNKAEDNMERGTEMWEE,0
NQFGAQEPGSNPQIKQFACTRFKAEFPIF,0
VHMGEDSVTVSTDTKDGNPDGYKKLTIAK,0
AAELGENIPSLPEGKARSLLIPPAPLTAS,0
VRIGDTVQVIAGREKGKVGEVTRLFKHNS,0
KSMECISLVGMAVGKDKFRDDAKQVMEVL,0
XXXMARCFVLNTGAKIPSVGLGTWQAEPG,0
KVVDLDLPNTTESYKLYCMRAIASDIKES,0
QLISEAYDVLKSVGKLTNSELQQVFSEWN,0
LFIMLGFSVLFGCIKAPGLGIATRYMFTM,0
TTSNVIELPKKEELKTVVDKVKDFFGDVT,1
EPYKGIGDCFGRTIKDEGFASLWRGNTAN,1
VNHTKRELHNYLITKLYRDDLFADMLREP,0
LEDADLDLVAANIVKGGFSYSGQRCTAVK,0
EVLSDKVIDDLKRRKLITKEKSIWYALKK,0
ELPIRYAGYSTCFRKEAGSHGRDTAGIFR,0
FVPKRAPFDLFDTRKKQNNIKLYVRRVFI,0
IGIAPGAPERPQLVKGNMQLFSVDQQRSQ,0
RATEGVPGVGRVVRKVPNSIYASVITLGV,0
LDNAVDEAQAGYATKVDVILHGDNSVSVT,0
IMLKYQELIRANMDKLAENITTEQGKTLK,1
SAALAARLGFSAGWKVVLVAQLFCWTMQF,0
LDIKYKEQGENLALKEKSLIDNIDHQRLE,0
VLTLMHAGGKFGGSKSGYTVSGGLHGVGL,0
EVERLGLSAVIMGSKGFGASRRTSKGRLG,0
YLITGYMDKVGFMCKIAGQNNNLMGQFHN,0
SSMVTDAKEVNGDHKKLLLELQPAQRGIQ,0
PALVFTFPQMEDRLKAAYKATTDGKFPEA,0
HNEVVRVHYDVSACKFDDLLDVFWARHDP,0
QLATLESRYSSAEGKLGAAREQAAAAQDE,0
GFGASVSNAQTYNQKLISHVQGGTPKRPG,0
PYANGDLHMGHALNKILKDIINRYKLLQN,0
EIEQGVADEASVIAKTQIEVAKERHEKAI,0
LSGAMERAFNYYNRKPEVWKQLVQKDMRI,0
DRIQSLRGLQSSLRKAEEYLMGIPQDTPY,0
VPASGFSFSSQQFWKVIKENKDLDLPAHK,0
RSVVRAAISVEKGEKAYTVEKSEEIFNAA,1
LADNPKQLEQYRSGKTKLQGFFAGQVMKA,0
YVGDIDTSTIPARTKYVPPKQPHYNQDKT,0
FNYMGMLAVEGTYDKMEALLNQDIHPVDI,0
AQQAQRRRGKAGRAKNLIFSSDRGRYIGS,0
AEETHKIKFDEAVHKIKSLEEQLAVTENK,0
EKFHHLPKRDVAILKRKLSTLQRYLGGIK,1
SSATADFEDHNNCNKDNVALPSDSFKKLQ,0
GVLAPEVLEGSNDDKIACQKILEKMGLEN,0
KDSVRGIYDGSVFVKLEEERASSQSTVCR,0
PAAPERQREMELQPKSTRNGSHSNVTSAG,0
DVTYVDTGDLQISPKISTYTVGPFNPGKG,0
EGAQWRYSEFLSAVKKGKVERVRFSKDGG,1
SESDSETQSAPPTPKPDSEETTPKQKRKP,0
MLITFNEVDMTNLMKLLSDYKDQFVEKHG,0
RAQEARRFMIYVHTKMMIVDDEYIIIGSA,0
LHLIPKELALKVVSKIEAGERFTVYVVVP,1
PSGRHWVLDPIDGTKGFLRGDQYAIALAL,0
EASDTLFTWTDLQAKCNNELLNNLGNFIN,0
LGAYSDSRGIPGIRKEVAEFIERRDGYPS,1
LTGLAKPGGGAEFGKYYSLPALSDPRIER,0
LTFSPCTPSMLLNMKRKAHVSEEQVRRMI,0
EKELVESLGQITEEKKKLELLVLEYEEKT,0
PPRRQQQQQPRRGLKQLPGLVATAAVAVA,0
AVAARGVRWEAGRRKGKGRMVGVRCEAAV,0
XXXMAEEAKKVEVTKDIAEEKAVVPLPTP,1
DAEKTKDSVAIRAGKGKMRNRRYINRKGP,0
TVEGITGNLFDAFLKPYFLEAYRPLRKGD,0
LGVQAPPVRIDSQAKYGALARGDGAIYLR,1
QWMHIDMAGPVWNDKKRAATGFGVSTLVE,0
MGCIGKDKFGEEMKKNAQAAGVTAHYYED,0
RFVEIGRVALVNYGKDYGRLVVIVDVVDQ,1
ELLEQNAKAYIVDHKENFSGEGEELIYHS,1
VKLLTDATKSVSGWKGIEYRAAFPRDNPP,0
QISGPVKEALASAQKELEEVRANIEKAKN,0
QLQKLVYQVGALPTKVVCLTQVVSADELK,0
QHPEMEGIHADNVRKPSEESTTANLVGQI,0
VAVRITSEDPDDGFKPTGGKVKEISFKSK,0
VDLQENPRASQEHLKNPGVMQKIQKLVSA,0
RSEAEIEKAEQAGEKLVRVGQDTRLNYRA,1
VEEEEEVEEAEVEEKESSNIKEEAEPSSY,0
ICPSAPPGNRDAALKVLESRNIQLFLGYF,1
AHVEFANEFLPVLEKTLIIDYKPTIVNNS,0
EPALIAVDGSPQYIKLGSMQEAHVYSTGE,0
TEIGQRGLNMSGGQKQRIQLARAVYNGAD,0
VFVAGVSSILIQVGKNQPPPQATVYSGPP,0
TLGFVDLLRDDFIEKDRARGIFFTQDWVS,1
MWRGCVSRGLRSLSKGKGSSSSAPVSAAA,0
FDTAMRLLSRQLGIKNFAPLKPLFVDLHM,0
ITLGQVFQRIDVVSKDFDNIVDVELGAPW,0
KTVGVEVVRLAPHPKYKRRERIKKKYQAH,0
EYSLVEALKQGKVQKPVVAWVSGTCARLF,0
DLVAFLERLDSEFFKSLQCTDPYTKDYVQ,0
SENELQRLDQIPIEKLRPEFQAGLDELTR,0
LSAAATTAPSAAGPKLHPILARRICPFTD,0
YAAADMSEDLSEGEKGENINESSSTHDES,0
VQDMEKDQGSSDFLKKFYTSNYSXXXXXX,1
VPRLLEHLRDTPAEKILRFETPANIQKDK,1
KQFAAEEISAQVLRKLVDDASKFLNDKIT,1
VSNDVFGDPCRGVLKDLAVEAKCSPPSTT,1
NPRTDPDYEKINPIKYIPALVDGDLVVSD,0
LAAELVSELWNAGIKAEFKLTTRIQNHLK,0
SVSRVGSAAQIKAMKQVAGKSKLELAQFA,1
LDTNILWVNPDCGLKTRKYTEVKPALTNM,0
LRSYWVPLIEDSCKKIIEAAKTTNAKTMG,1
PGRVPIAVAINEMSKRKSPALAALADGNR,0
SFMSIRSRPSQLRFKICCSAKKETVDKVC,0
AVAMAVIEMDSSIEKPQACEENEAGSSTE,0
QVMVITSSGDALDSKDGLQLRRLALAYKV,0
DPILAWIDGEVVSIKDNEVHVQTSNGKKV,0
SSPPKHKSLDEGIEKAAELLRRAERPLVV,1
DFTSGYSWRPIEAAKLCRTRAVRSLQITC,0
GCTKQACAFRDSYEKFKKAGAEVIGISGD,1
AEEVPKNYKSYVDSKDGYSYLYPADWRDF,0
WGFTKFSRDEYVRLKSEGRIMPDGVNAKL,0
ELPPVEDAQARLALKRLVDISMGVLTPLS,0
PLHGIQAFLRTNQLKVYDKARNAVALALS,1
DGLLDREEFAEFIRKLTAESLCAISFKLL,0
EDVQWSQTGVWVAGKEYPLARVHFLSSNX,0
PTNEGLKAGLADAKKAAAAPPRRPPPSGV,0
VFWAFGYIRLSQRLKRTANKPAKAPPRAD,0
WEREKSVMTKIQSIKEEIDRVNVEIQQAE,1
KEVRAVTDLGLKEAKELVEKAPVVVRSGL,1
AVLPQASLILLANAKKNAIYAVHVEYGPD,0
MASSATSVAPFQGLKSTAGLPVSRRSNSA,0
MIVAITDGRANVSLKKSTDPEATSDAPRP,0
AKAEQITWTSLDYDKKPKAVPQKIIPPAE,0
VLEPKRKHRRSTIQKVNGGEITSNCLSAL,0
DPRAAIRGVDDSQGKWLGGMFDKDSFVET,0
NGEEMSKLEALLLDKNRKMEHELTQLKVK,0
LSTNENTLTVGGLYKVDPETAVKARLNNT,0
GGMVPDVNQIIVKEKGIFTNVTSPTAKAK,1
VKKAETLMLEKGENKEYLPIEGLAAFNKA,0
VQGYPTLYFVTPSGKMVPYESGRTADEIV,0
GPGLVVPGIYYSDDKMLQCRVFAYADTQR,0
HEEWTPLSVNGQRPKPRYEHGATVVQDKM,0
AIEGTPWEALKPCMKGMNAWLFVHTEEVP,0
SIAICALEAELNRTKQEIEYVKSKEEDAQ,0
VFIGSLIFVEELALKVKDAVEKERDRMDA,0
NIYLVLVPNKIAIQKEQDELNKKDTAIED,1
IAKLEEQMNVDKSEKELHISKLERQITLS,0
QVSTLGDRVWELEHKNTRLLGEKGKLEKQ,0
DRVLIGGRETAEGRKAVQALKSVYAHWVP,0
YTRYTPNAGTLELRKAICNKLQEENGISY,0
MTHDVCGPGTIGIFKREFGEDAKVWDREK,0
LNVVKASVCLDSTGKHIKLAITKLSTGRK,1
RGMAEEDPTAEHGLKLAIEDYPFANDGLL,0
TEESEEKKPKTKTVKETTTEWELLNDVKA,0
YREMIESGVIKLGDKQSESKCALVYGQMN,1
GHSRCGGIKALLSLKDGAPDSFHFVEDWV,1
AAVQAAYDGFAARLKEIEGVIDGRNKDRK,0
SLVGDYGFDPFGLGKPAEYLQFELDSLDQ,0
YDAVQVGYHGVREEKLTRPELGHLGKAGA,0
QRANDAELALQKAEKAISSVDAVVELPAP,0
RAAVAAMPELLRSAKLAVEKGLAQGRDES,1
RVNTARSLPSGRQSKAASRAALSTRCEIG,0
TFPPKKKGWTGYVEKDTAGQTNIYSVEPT,0
RKVNTIKDDLQEQLKSLESGEVLSDKVID,0
YVHNDVMLAFGTPEKQILIEPIFAQWIQS,0
PRTDLPNVVELYMKKELEVEKFITHSVPF,1
EQEAQQIVNAARAAKSARLRQAKEEAERE,0
ASSGGELVFGGMDPKHYKGDHTYVPVSRK,0
ADGLFLESCREVASKYPGIQYNEIIVDNC,0
KRQEDSLRDWDKKLKESQNRILDLQRSLN,0
TENPHASGEKPKGDKKSKKKKTLGKGTSA,0
YAGDVTYQADFFLDKNKDYVVAEHQDLLN,0
RCFKLEVDVAELRQKLQSMDALEREVELL,0
SSSRQGTRIRFWPDKHIFTTTMDFDFNTI,0
GEEIDLDDEESNPNKLRSYVSRLDADTLQ,0
AAAVAKKPSYPPVAKGLSFDHYKKSCPQA,0
RNHQLPNPRTYVSSKGYNFTKGQTVVLST,1
QLYNTAFIKWAVNQKLGVTPGVQCRDGPF,0
KALLSDPAFRPLVEKYAADEKAFFEDYKE,1
STLSLIGGWLHLQPKWKPSLSWFKNAESR,0
EVCDIIDGLFVAIFKHLNENCKKELETIN,0
VEEEKPWVKRRNERKRKQKEKQNQKQGIK,0
VVATLLQFSPEELTKCQHGVLSAVASSPA,0
VAEIIKEDLWPNPLKYFNNEAEELGEDDD,0
XPEAPLFALEINPEKAREEFRAASQKNGG,0
XMGMVLGKITVETPKHEVLHTGAGYEVRK,0
VATSSSWTLLFRALKLALPALRDAAGGRS,0
KIWDDRKSVPLSVLKPHDGQAVYSVSFLT,0
NQTTMLKGETEEIGKLVEKTMMRRFGVEN,1
LDRNTAGPLIIACSKGGTSIEDLAEKYPD,0
EMTNLPPKTVDEIYKVASIALSPNVPGQI,0
GEAQPPQLEVTPITKYTSDPGLVLGRQIA,0
LRVKKNVPVLVLKEKIVEATGVPVDQQRL,1
DDAFVAWMDNPENYKDYIQYLKAQRVSQS,0
EAFYDDLQNRIGGGKPKMRWYFGENGWPT,0
CRGMKDREIVDNFLKITLPGTSSGLHIIH,0
GQYLLIRVPGEDELKPAFMAIASPPGGAA,0
GYDPGQPLDFADMFKEGDLVDISGKSIGK,0
EAALDRLSLVTEMTKHIRVRANGGKSTAS,0
AFDLAQSLGDHVEEKKAARGLGASLQRQG,1
EFSAYKVRAHALLQKKDAELNTAKNSDLI,0
VNADDSTDELVDPPKVEEKIGGVPHGLST,0
GDVKQAESVPPVQKKAPPPKEQKPKEAKK,0
GLGKREAESIMSDVKAQVYRKRLAKSFNS,1
HSAIVEYVFSGHRFKLTIPKETCSIAFSF,0
HVAQYPLGMGRRDEKGGSKILALTVDAKG,0
VKITGKLQDGTIFTKKGHDEPEPFEFKTD,0
QVEQGSVSANINNPKEVGNIPEEIQHSED,0
SDCLRYRQSFLSISKWIEEVNTQRGGDVI,0
SAGVGFAIPSSTVLKIAPQLIQFGKVRRA,0
ILRVPFRSENGILRKWISRFDVWPFLETY,0
FLKAGDKVKIMVNLKGRENLYKKQAIELL,0
IDASLSMVMGDDMVKVIAWYDNEWGYSQR,0
PYVAVSEEAAIAALKRSLGALNTHLASNT,0
RSLSLELVSSELDAKTGKEKATVRSYAHN,0
EMVYSLAFLPPNMPKQNDNGNGNGNGYGN,0
FSKIEEIYLHSLPVKEHQIVETLVPGLKD,0
ESETLYCVYVAIGQKRSTVAQLVQILSEA,0
NDPFITTDYMTYMFKYDTVHGQWKHSDIK,0
ANNQIINYRCDPSEKWLVLIGIAPGAPER,0
CSATSRLILHKKIAKEFQERMVAWAKNIK,1
DHMPEPYEELVENCKILESHYKEMMDIEF,0
ADGTGSETEVPEVVKAAQDAWAKVEDKYA,0
PPAESAQRPSYPSSKSKKDWDKLEAEVKK,0
TSGGKKISINDLVIKAAALALRNVPECNS,0
CSPLRAVAAPIPTTKKRVFHFGKGKSEGN,0
YIKIPATAECVPSIKEVIANGISVNVTLI,0
VEPDTKGGAGGGAAKPQWKAAIDFKWIRE,0
KQIGALTQQLQLVEKQYEQKVTEEREKLA,0
SGSVKLPHIPRPKLKVCMLGDAQHVEEAE,0
DVELTEAELEERRRKWTPPPHKAARGALW,0
TIATGSSQNVEVDAKHVDGRKSERSVELE,0
EKEQKYATGFFTVIKRHDALLPSILAQSD,0
SHTCTVDIYREMEDKESRKLVYHPATPAA,0
PMTPLPDLVTIHAPKDEDEFSKPLTAEIP,0
VFGRACANRVAETAKPGEKQKPLQKSAGE,0
IRTRPHNFSSNSGTKGPCRWVYPHPSGLL,0
DIEARIRTMILSYIKHKTCIILAVSPANA,0
GDQEQTTDDLLTRHKNVVADYTLSATVTV,0
RPLYSSLARCSGEEKMLAHRIFSEAHEFY,0
DLYDSIAAGNFPEWKLFVQVIDPEEEERF,0
AKKTWNWVMKMRTRKMRASRNTLFYVTGX,0
LTDITNGFSELFAMKDTSEITCVKKASYL,0
HATVASRSLDLDGEKWERGMVNPGVKDMV,0
YPNIVVDTSVEPDEKETQKGADYDGKIHV,0
IGENRWEDPSRLTQKNKPISSATNASTKK,0
ALATQLARPVQAMLKLSVARARLCVARID,0
IALMVMQSMLGSWNKSAGGGKHMGSELVQ,0
ATLGVGAQAPPRHQKKSAGTAFVSSGSSR,0
ASYGTPSGGCLNFSKGNCHASSTLDLVTE,0
YYAGAADKVHGETLKMARPCHGYTLKEPV,0
ALRLDHTRVVDIMRKAGQLHLVKPYMVAV,0
FRMDPEAVAALQLVKGPVGVVSVCGRARQ,0
SNYKQLKKGANEATKTLNRGISEFVVMAA,1
SSLRPEIVEALFCAKDWLQYSPATPEAPS,0
SGQEDDCKRVLATCKDDLLQALAADDELR,0
QEKEASKVPQDLLYKRIAEVKEKERQNTL,1
LHFGTHGSLEFMPGKQVGMSDACYPDSLI,0
LVGAAGGADAASFTKVPTVNGIFREAVRA,0
EQRLQRLREEEEARKREEEERRKREETER,0
SYGVCSGLKELDYFKAGLQLRKNADVLSA,1
XXXXMGQGTPGGMGKQGGAPGDRKPGGDG,0
WFQSSLLTSIATTGKAPYSSVITHGFVLD,0
RKDSQKDKEGNDREKDSAKESSVATEKEN,0
RENALLEFVRVVEAKEQVVAGTLHHLTLE,0
VVSDSLAIALYLEDKYPQHALLPKDLKKK,0
DVNLGFSEAIFGTEKDIILSHLETCDACA,0
MLSDPSAALSVVFDKDGVLEQIGEGKGYV,0
ALLEMMIYHLPSPSKAQRYRVENLYEGPL,0
LLESFGPLRGFDLVKDRETGNSKGYAFCV,1
TPTCSQKHLPGFIEKAGELHAKGVDAIAC,1
RLPHLYDTHMMEQYKGADFGELSPHVFAV,0
ARPRASLESRLHRRKSFLYTSSPKSGFLI,0
TVAVGTGTSRMHYEKVLSNFCRKTFQEYK,0
RPPWYISVVGGALYKTVTANTATVSDYVG,0
FKSVGGQPIVFDSVKGSRMWDVDGNEYID,0
ETYRTVLEILRNNSKLEALYAMTAHKAFQ,0
XXXXXMSRYRGPRFKKIRRLGALPGLTRK,0
RRQKAASEQAALEAKQRQSSSGMWGWLVG,0
CCYPIRTIYGVLGVKIWIFVDEEXXXXXX,0
RDGGIGFTRSVDFAKILSVPATLRVGSSR,0
QEYLRTRGREAYYQKAEIVEKQAPGLMKE,0
YADQPDYETGVRDFKERLANYEKVYEPVQ,0
SEIAKLRHDVEEYAKQFPTIGFEKETMKY,0
DENMSVEISSPSSSKYMTVEDLGPPEKAA,0
LEERNRQLEQQMEEKVREMVEMKQRSLAE,0
IGLGQNAPSTTTACKGIGESVASVAKSAQ,0
TRVVEKSPGEEAGIKSATIELEGRYAYGY,0
CYKEEIFGPVLLLMKAESLDDAIQIVNRN,0
PPPTETAVSDGGEEKELEASSSKESTXXX,0
VQSVNIDGIITDFPKTVRRYKMNSCTGLG,0
IERIQRQVDRLEQEKVNLLDEVQKMHKSE,0
LASDPRSRRMFEARKNVSRWWNNISSRES,0
DSHDTFFLEAPAATKQLPEDYLEKVKEVH,0
FGGKGYLVETPDELKSALSESFRARKPAV,0
AEPGVVGNAVYAAVKAGYRHIDCAQAYFN,0
RDIWPSTEEIAEVVKSSVLPDMFKSTYEA,0
YADIGGLDAQIQEIKEAVELPLTHPELYE,0
XXXXMSSDDEVREEKELDLSSSDVVTKYK,0
DKDGHPTAISNIAWKDNKEHRGKRNIEQP,0
YNDVEAVKKLFEENKGQIAAVFLEPVVGN,0
APFSSLPLRLRLRPKPLLFTSRLLLPVPK,0
PTGLLTVPFLENVNKFQNPFRRPVATTVF,0
NLKAIKRLVEAEALKMEIIPNPKEVDGVK,0
QESLGSPDDITVEMKGTSSQVQAAYQLIQ,0
YEFELTEQHYHDVRKYALLRGLCHKVGIE,0
GVDEAAKALAELARKHSVDVTFDSPYSME,0
ATPALASRARISRPKLSAASPCTTSSSST,0
LNSYIAITYFVALRKLSPFQVSSTVEEHE,0
VADYGSQILVSLVLKMEAPASSSFSMVAE,0
AGQSVVLRLPGQGFKRVGLIGLGQNAPST,1
SSTWLSVWTDQGSTKIHGPGYYNLIYGLL,0
LSSPPTAAARRSPAKAIVASHHLRHSSVP,0
KTFDMIQEIAEKEDKEDYKKFWESFGKFV,0
KSRDNRDKRVQLLQKYAHTHFPSVKYMEY,0
LDEKQTTIYKRAVDKNYHLKMKASRFIFS,0
SRVGTLKPRHPRWQKSDDATEVSEADSPG,0
GVSTQMVRFATSLSKESIVDVEGVVSLPK,0
EQAGKANARAVELEKQIDKLKKDVEAQSV,1
DGRYFSKDAVQIITKMAAANGVRRVWVGQ,0
AHEHEPVGNLLDAVKTIKPTVLIGTSGKG,0
QEGVLYAKKDYNLAKHPQIDVPNLQVIKL,0
RDAEVRWLADAQVSKAYGSSLYWMSPTII,0
DDVVVVAAYRTPICKAKRGGFKDTYPEDL,0
SLLTEYETSCSGPSKWRMLAAFLRQCLEG,0
ATLFNDCVMAALENKTVILVTHQVEFLSK,0
HKAAVIGDTIGDPLKDTSGPSLNILIKLM,0
GTGKTAAFCIPALEKIDQDKNAIQVVILV,0
VEVLAATQTPGSEGKRWFQGTADAVRQFD,0
SAMAPHNFSSLVSNKTADIPGSTLAYQSV,0
NVNLAVENASWTDEKQLQDMYLSRKSFAF,0
DSLLARLNSGSFVEKAPEEIVRGVREKAS,0
RMSTQNYKSVKKMVKRLEEAAVSSRGEDR,0
PPPPSPKDAAADPAKEPSGSKAGSAAATG,0
NSITGSGPGGRIVAKDVEAAAAAPKKAAP,1
HDSFRDIADRMLEEKDREVAKLLRENKDL,1
LRKIESIVNQQIKDKLEVFAREIKLADAK,1
TEEKAAEVSEFFAGKTKPSFERALKQSLE,0
GVEWTKDEEEAFKAKVVEAYDKEGSPYYS,1
RIKQFQVSLVLLASKYVDLIVPGYTHLQR,0
FIIVAADLVSALESKWGTKLIIQKSFPGS,0
EQNEDNVLARMLDHKEAIISHLSWASLFL,0
VGKEIVDLCLDRVRKLADNCTGLQGFLVF,0
QLDIGTYEIKLNHRKLLDGMLEICGVPPE,0
RSSSSDETNSTTEEKTPFGYTRKDVLLIG,0
RRRGYSSASGQPERKVAILGAAGGIGQPL,0
NIINGTVFREPIICKNVPRLVPGWTKPIC,0
XXMKRNPRVTSSRRKCRKAHFTAPSSVRR,0
CAQAANANPLYRFYKSGWTDFQPRVAETT,0
TAPGHGQEDYITGLKYGLPIVSPVDDEGN,0
HLCEFVGLDAEMEIKEHYFEVCDIIDGLF,0
GFFSYDTVRYVEKKKLPFSGAPQDDRNLP,0
NYLHRIGRSGRFGRKGVAINFVTRDDERM,0
ENVGIVVFGSDTAIKEGDLVKRTGSIVDV,0
PIQEWGLIYGLASDKNGYFHKDSVRGIYD,0
AEARLQLASEALDAKRGSVGPMEVSIDDV,0
AGNENGISAFQMDIKVVGITLPIMEHALL,0
PPPALPSAPLFTTEKSPKSAQPKEGMSAV,0
TLTSETSEPPAGQMKELFGIDLVSRVHCA,0
RVKAILVNIFGGIMKCDVIASGIVNAAKQ,0
GLLEEASKIIKALNKALDNFEMTQLLSGP,0
THPELYEDIGIRPPKGVILYGEPGTGKTL,0
SARAAAPKSIQLATKEAAEQKAQGFEAVI,0
VSTEAETDHPESELKPGIDLLGQVDELFF,0
DHCLFKGQYSDIGTKESYEKNSRGVEIFS,0
KQYTIQVGENELVLKELELVNDEANVYKL,0
GHFDARNGGAVLGDKRWGAMVIVKSLESL,0
EEEQEEEDEPPPPSKPPVKFGEIIGILNK,0
REYLKDVAISTEQLKYLVMEAIRGGCQGH,0
VVADVTHALQQPAGKKLDGGGVASGGLRE,0
MAVTFTDLHTADGLKALEQHLSGKTYVSG,0
DISQRESRLRETLQKDSQFRVKDDSVVEI,1
FTDDPHRDVESLLTKFKNEPESGPQLDKF,0
INEEGISAEVSLAQKSTSWIIEPFEDVGR,0
ADHFQNNNNIRLLLKYDDSLSHWIYAASD,0
EGVTTLAELFEQSCKDYVNMPLLGTRKLI,0
VRTLSETVRLDARTKLLNPKWYEGMMKSG,0
DTGDIDTDGSPNDEKSLNGSNLANDHTSQ,0
CDVLIPAALGGVINKDNANEIKAKYIIEA,0
ARLHSSLRNESVPVKRLIVNQILPPSSSD,1
KFEAARKEELEIADKYNSVKQRRYELFME,0
GEESFGTGSDHIREKDGIWAVLAWLSILA,0
LVEPEDGWQPVQRPKSAAGSGKQMKHFNP,0
GAAHRRTKEFAALQKELIRYLNAGVFGAS,1
AHLASASPLPAFSPKPRARPGSAAGPALR,0
RYKDNIESRSLTLQKQINRYAPIHLEPEL,1
WRARTVQPPAANEEKSWDNIREAKAAHAS,0
VGLKGEFSMIYAPEKQGCAGWSRMQKDSV,0
VPTSSSLLYKEEFDKMKAKAPENFRVDYA,1
IEISVPVGAQVVYSKYAGTELEFDGSDHL,0
ETGAAQDDVLARVEKLSEVNPMLGFRGCR,0
RLSFGLSGPKEVAMKLAVRSDDPEVSDKI,0
GHPLSTFAAAPAGVKFMIKTCPIQMRLKR,0
QMIAMRYGSVPIVRKTGGLNDSVFDFDDE,0
RVLADEIDDTLLSIKAAYAEQESEGNIWK,0
SATKSVTAAAATEEKGLFDAIFGALYKEE,0
LYPPTLSPSQIRSRKSSPPPLPWRSPWRR,0
NAAELEVSPGGVQFKPHGAEQELHPAEVT,0
LIGFGSGPEVDQKLKYANDLSSGVIFGKE,0
GFVTAECHRPVVLHKRGSDILHDPWFNRG,0
KKTVTSLSEEFRREKTLAEELREEIRRLE,1
TGGTLKPTQNFPDGKQSRSLIAAYLLVLN,0
NVLKANYVPSFLISKVFTQIFSFINVQLF,0
FVAALFPALPEETAKSSKFSSIGSRFKQL,0
MFPIAVTCGNTFVLKPSEKDPGAAMMLAE,0
QFSAAGVGAVAFATKGMASRDALRLPPPA,0
LVTAALKLKREVLRKTYEDDLAKLYAXXX,1
RTNIDPDARPFARRKSELGHQGLSEGASL,0
DRDNVALKGFAKFFKESSDEERDHAEKLM,1
LPGGMPGSSNLRDCKLLENMVKKHAGKGK,0
SDAQWVQNINVAFTKFSSSPEEKNMVDSF,0
RELQAALRSSAANLKQDLYAIIQASPASR,0
ELSWVCDESKRQHEKVPDDLVEQAKAAAQ,0
GSGGAAAGDDAIWSKLREAGFDEESLKRR,0
SDPEKAKKVWELSEKLVGLADHDQXXXXX,0
KAVTTGLRKVTDDMKTKNRSDRSGVVSSS,0
ELPATVAALKNPNPKVVYDEYNHERHAPG,1
HEITTIAGAGRVENKVSTIAPSAAAAAVA,0
LAKSFNSELAAAPSKAAFLQNICEELQFD,0
IFDGIQRPLKTIAIKSGDVYIPRGVSVPA,1
YKKKDFETAIQHYTKAMELDDEDISYLTN,0
PVQQVLIFMARLLPKEKLVPQKDLAELAF,0
TRSIGVMVMTHGDDKGLVLPPRVAPLQVI,0
ESEAAGSSGGKEDEKEEEEKDGAAAPRRR,0
EEVPAALKPYRAFQKEERLEETNDFVGAV,0
KAEKVDGGYVINGNKMWCTNGPSAQTLVV,0
FEIEASPEASVAEVKRIIESTQGQNVYPA,0
PDGIIVQFGGQTPLKLALPIQQYLEDKKL,0
RNQGPLLNKPSSINKPSSINSRLLPHGSG,0
AASLQAAATLMQPAKLGGRASSAALPSRP,0
LPLRRSRFSPLRAAKLEAVLTIGTHLIPH,0
TASAAVLKTPFLGAKRALANAVGVAGAKP,0
EEKLSKKEQVLNESKKKLEEWQNDLDTKS,1
IGLRNVRSFGTEGRKKDGVQIPASTKVYE,0
SNRVREIQLQNYQRKMEQKMQREEDLRMG,0
RTTVANAATAAQTNKKKAAKKGSKQTVEA,0
MAYSQVHSTTSVDHKESEPHGTLVTSSGN,0
SDLSRVLDDYGVGDKVSLTIQRGAETLEV,0
TEKINSLTAEVEQLKALLQTERQATETAK,0
KNRCGAGILPYQLMKPFSDSGVTGMGIPN,0
GKRVLEINPRHPIIKELRDKVAQDSESES,0
LQLHRHELEMEMEKKQASKERELEEKENE,0
LPKGRLGRRLFTHLKVYKGAEHPHEAQKP,0
SIRTIDGGTHIDGLKTSLTRTINNFAKKS,0
TYTKALGLELDLSEKGLGIRSRRFALLAD,1
LLELANATEPTILDKLCAALNINKRSVDR,0
LFAEELGLLLEVHLKDLSVVKQKLEAGGI,0
AFAETLVNGLDRSWKRPPGVAAKLINSRA,0
EKGMPGFSTAQKLDKLGMRGSDTCELVFE,1
VSGELPAGWADALPKYTPESPADATRNLS,0
LFNSVTSLDYAARDKDELRVQEYYSNMIT,0
SCSDIVTLAARDSVKLAGGPSYKVPLGRR,0
LSVETEVETKALESKEKLDDAQAAQGWMV,1
GAGSILSKELYSEAKTRLEALDKKDAERR,0
VVGSIEQTGETDEAKADKEAEAASDSKNG,0
HVFFGCYSNLFRLMKKVGADNNLLVKEHT,0
MRMLPEVLSIMIQIKVSLDRIGKFLMEEE,0
AADPVQSPGILPGLKIRDSASQLIGRTPM,0
NIIELTIHGFCPLLKGSQCPVTKIGPWGS,0
GARLNWLLHFGEPPKWSKDVKFILVDVCE,0
IRKLFNLAKDDDVRKYVNTYRRTFTTKNG,0
FFEAFEAFSALEDPKAIFSLKYMLLCKIM,0
SNDNKKVYTLEEVAKHNSKDDCWLIIGGK,0
ALIEAGKGDFETLEKKVLEWGEPIVPSGK,1
PALLLIGFEEGETNKVQEFLRELDGEFLK,0
DIIKQEKDNLRVQFKSNSETLSREHKEFM,0
AAELRGGAWVVVDSKINPDRIECYAERTA,0
GVATLGLPDSPGVPKGATSETLTAPYNDV,0
ATGVAYTFFCDQDSKYASDLVKILEGANQ,0
RITAVTAKHASDAIKDASSIDSEINEASK,0
FTKGDLKEVREEVAKYKVGAPARVGLVAP,1
VGGLPRDTTEADFVKHFGQYGEIVDSVIM,0
SFPGNERNKYCLSSKVPLGVVLAIPPFNY,0
LGGTCAIPGAFGCGKTVISQALSKYSNSE,0
RGVTLPLSEYYTLSKKVHEAEQLAHESVT,0
IFTRLINRNTTIPTKKSQVFSTAADNQTQ,0
KGQLVPDEIVVNMVKERLLQPDAQEKGWL,0
DDEKAKMMMESVDLKSRLEEIQGNMDMIK,0
EVCTEFAQNISFNSKRIQSSLPAGYLDAT,0
CCSYSRQEKFLFNGKQEDFNLSGLVECQK,0
NLGNFINRVLSFIAKPEGTGYGSVVPDSP,0
KPDVDGFLVGGASLKPEFIDIINSATVKS,0
SARGRSSSVSFPVPKKGGIGHGGLRIECI,0
PNKRDWLSAYWTGFKSPEQISRIRNTGVK,0
VLTIRNLEFGFGEEKLFNNANLIVERGEK,0
SGPTQRYLVDPITGKPFVNAVVSLTGFAL,0
ALNCEIAMTSKFDRKQYFYPDLPKGYQIS,0
PDQIVSWLKEYFDGKLSPFRKSEPIPEVN,0
DIVGPVCESADFLGKDRELPTPDKGAGLV,0
DVYPLPEDQQEWAHKQYVAKHQQWASQQW,0
LNLAREFFNQPIERKRKFSNLIDGKNFQV,0
EDYNKFYEAFSKNLKLGIHEDSTNRTKIA,1
SFDTLVDDVAEHFTKVKENPEHRGLPSFL,0
QGYGVGDVISLLWFKRSLPRYCTQFIEMC,0
VKRTRSVLAVVEDAKEILGENLEVKKDDG,0
HTEPQLARYSHMDGKGSFIYEASFSIPSS,0
QQVEESLRSTLSELKMNRLKEKTLKLENE,0
AGTNHHQETPSSELKPRGTIYFPITDDPP,0
AYQEMITHLPLCSIKDPKKVLVIGGGDGG,0
NMELGRDSDTGGQVKYVVELARALGSTPG,0
ISMGVLTPLSEQLTKPLPHAIALVNVDEL,0
LLDLLEAPDPANLEKFLGTIPMMFNVVIL,0
KEMIEAGVHFGHGIKKWNPKMAPYISAKR,0
DGAIMSICQCCWGAKPLVIQLPIGSEDNF,0
IVGGEGIPPMLAGGKRSLRLPPELAYGAR,0
PVYIIYRLLMEAFCKKPKRPPHGGNHGHR,0
AMRLHTKDQAKEGEKEPQAPPVARWEPSV,0
LSNSGLSEAFNHSVKDEADGSSEDALEVN,0
PIYGSMVPFHVSTVKSVTSHQDNRTCTIR,0
QPFFVAEVFTGSPGKYVGLAETIRGFQLI,0
ELQSTVHAVDQMTTKTPSEAAANQXXXXX,0
MASEKKQANPMREIKVQKLVLNISVGESG,0
YDSAYAMYISDDSPKSIFEIPGAKEVAIE,0
GSSRRRRACFRVEAKIREIFMPALSSTMT,0
GDQDSIQYMCREAPKAVIELENYGLPFSR,0
GAGVRGVEIAGNFIKFTAIGVYLEEGAAV,0
QLAKKLNQILVQHIKTVLPGLKSRISSQL,0
DIEASAPEGGEFSAKDYTDPPPAPLIDVE,0
TQSLKELGSELESSKERIQEIEAELAASA,0
YAAWEKQQKEIEQTKELINRLGAGVNAGR,1
TDTRADEAERGITIKSTGISLFYEMSDES,0
LKTWPSSSLISDFVKSTVSRFTTEEKAAE,0
APQKKVNRYDEKWSKQWFGAGIFAEGSEE,0
LPGDSPQESVLEQVKEAYEWAKEEYNKAG,0
GPMLRASGIQWDLRKVDLYESYNQFDWKV,0
KLVAVSEAISFKNPKAPVYPRLAQGKSYD,1
MGYNIDIHDYSVRLKAARKFLKAGDKVKI,0
NGTVLSTNWKDVGSKKVEGSPPDGMELKK,0
NILFGSPFQPPRYEKAIDVTSLRHDLDLL,1
WTSVKDICQDGGIFKKILKEGEKWENPKD,0
SKAGQGAKLLNILAKYCEAFSSMVEGKNE,0
LTYIDADGNWHRASKGAPEQILTLCNCKE,0
TVTPASPSGKQTLRKGTAVITGASSGLGL,0
TGKFTKYSAAIGVTKPDYHAAIVLADKGD,0
NPTDLVKVRLQAEGKLAPGAPRRYAGAMD,0
LKTFDSFEEALGPNKSYRVLYFKELREQA,0
XXXMATQTRPLVSVKALEGDMATDNSSSL,0
DVRDQNDQWIRVAVKKGGMIVLPAGMYHR,0
AWLARFAAALVKVSKLDVLTGGEGEIRLN,0
DLLNSSEEKASLVLKPIGGALQQVYVVVE,0
ELCGPDIWNTTWYPKAADHVTTEKTWYVV,0
LSTINPELLKSFNEKGGLTNERKIELDAF,1
RTVIDFARTGDYIYKQADSFTFSHTIKDM,0
SFYAEQGGQIYDTGKIEGSFGSFNVTNVQ,0
AGRARGVAMRVACEKVVGIDLGTTNSAVA,0
SQSRSADGSVSTLLKHPSGAGDENTVSEA,0
EYEDIMEDMRLEAGKYGNLIKVVIPRPDP,0
STPCNTCGGDGRVRKTKRISLKVPAGVDS,0
KAVMIPDDEGVDEEKGQGDEQGSAVAVAS,0
EILNMDIMEKVIEVKGEDAVKMARELALK,1
AGVEEPPSRYVLGEKDRSDELVAAELPEP,1
VRFELTFYALNPELKVVAPWREWDITGRE,0
SLMTTTESIIVEIPKEEKEAPAMGGMGGM,0
LIMGSTKADVPPPEKSITLSYLMAPRLAR,0
DQLRQATESVKNMQKLHESAQSQLFELRT,0
KRYIKNLSAKLDAEKQEEFKKNIEGATKY,1
FYVRLDIDDGRVEWKDVVYDAAHGLGVRM,0
RKDESDVVFRATNGKWRAAVVEISRMNKV,0
PRLNEDINEEWISDKTRFCYDGLKRQRLN,1
YNKKDAKFYSNMFAKMTKQPAEDGKAGSG,0
HGSAAIASAYSRAYKETFTLTFVTGRTVG,0
TLDPMYGEFVLTQEKVQIPKAGKIYAFNE,0
EGLPVYFIEPQHPAKFFWRAQYYGEHDDF,0
ELAFLNPELTIALTKEEDDLQVQHNEYCY,0
LGLSNTCKEHEYGDKGPENLTKPGEPASS,0
KLEELLRAGAKYDVKDVDGRTALDRAADD,1
AAPMVKPVSLELGGKSPIVVFDDVDVEKA,0
KAPNGDAWVETTDGKQYSPSQIGAFVLTK,0
ERLRKEVEEHKQTQKATEAALEHVNVAYA,0
DQVNEEKEKFEELSKKATIKHLEAENQVQ,0
PGKLCMELSSAVYDKFWRFDMEALPADLI,0
VGYTFTTDALDALYKKIKPKGVTMSALLA,0
DVQEACVHDGYVLPKLYAKVHHCVSCAIH,0
TTWTKQQGYPVIYAKLDGHDLHLEQAQFL,0
IAYTNHTVLPEALEKWSQIVMRKLLPRHM,0
KAFEPILLAGRSRFKDIDMRIRVRGGGKT,1
KGGCIIRAIFLDRIKKAYDRNSDLANLLV,0
VDEFSHCVHLVSWEKENVTSEALEAARIA,0
RVAPLQVIVIPVPYKDVDTTAIVNECKKT,0
VSGIHLLQANPEIVKRWSNEVQEAVQSRF,0
SDFHGSFEHDGRFAKVQRIEPRDDKRPSL,0
LISIREEIAEIESGKADVNNNVLKVKYYY,0
EAAVASIDLGSEWLKVAAVHLAPGRVPIA,0
SDADILGPHSQYLPKIVSIFAEVLCNGTE,0
SSYYGSEVEGFGTIKDSESLCMFLLEKAQ,0
QRAIQAIGSHGSLLKSAVLRHISAPKPSI,0
FADDGTTTINATSIKWKEGMEIANGNAKK,0
GMVLAKPASITPHTKFDAVVYVLKKDEGG,0
XXXXXXMEQSFIMIKPDGVQRGLIGDIIS,0
GAATNVIFGLALGYKSVIIPIFAIAFSIF,0
YCAEIAHNVSTKKRKEIVERAAQLDIVVT,1
EECIQEDELMNLLQKKPVPICYDGFEPSG,0
YDAPIDEYGILRQPKWGHLKDLHTAIKLC,0
VSTEIPPDRFGIEAKHFTETRVLNRDVRI,0
IGTLIEVRRAQLAYKLSDEIAAEMFKEHA,0
LTMVLASVGGSAPKKYDEIDAAPEERARG,1
MDPCKFRPSSSFDTKTTTTNAGAPVWNDN,0
LQLEDLIQMIQNTEKNIMLLNQARLQALE,0
ISYSPDQVLVSNGAKQCITQAVLAVCSPG,0
RLAAAFIQRYFPEAKVLISSPTWGNHKNI,0
GKVPDPESTDNAEFKIVLTIIRDGLKSDP,0
EAEIVMFDGHIVVYKFIQDLHFFVTGGEE,0
GLVQNGDKITIDVVKRVIDVELTEAELEE,1
ENGNFVGPTLLADVKSEMECYKEEIFGPV,0
RFRSRMRDGEGSQGKSEASAIVYKAGECM,0
EFVDGALVHIMQMSKVLGEQVGSGQLVWP,0
AALERLASVQEQINKIAHERESGIRAEFA,0
LFADMLREPDEITIKRRQIRDTLKVLQQA,1
GIRNVRAEYSVEPAKRISSSVVAAADVLD,0
ATMLEEGLARLERSKRWDTRERKAALQNL,0
ALADSDKKLKNVMAKLDSLTSKFLSEKES,0
LGNYIGALGNPQNTKPEKIDMTAPVITSG,0
SYLTNRAAVYIEMGKYDECIKDCDKAVER,0
FDMLRRQSLRPDHIKMFVLDEADEMLSRG,0
EIMNPKTKNIRLYVKRVFISDDFDGELFP,0
LNLALINFGLAFLRKRGFKPMQTPFFMRK,0
LESGISERSKELKAKDDSIAKLEKLIEEK,0
GVTIDPNSLFDIQIKRIHEYKRQLLNILG,0
FKKNIEGATKYLLGKLKDLQFFVGESMHD,0
IWSARDASRARRLAKLDEVHNRLIHAAKD,0
GAAAGHACLVLAAGKKGKRYMFPHAKDSI,0
LQAPRQMLRDAENAKFGLKAQGKASSSKE,1
TAPSSANLLSPETSKPLLPNMGPLFTPPV,0
LKGKSLAAALMSDSKFDGADMSEVVMSKA,0
PVRRFAELDDATIEKIGTPEKVIDAFGPE,1
KEIFDKAGIKYTLSKSGRPAIFARDPDGN,1
WLRSPKEVTEEEYTKFYHSLAKDFGDDKP,0
LADALVYACNQGVDKIIDLATLTGACVVA,0
EMQRDLESQANALSKIQKDISKNHQVRKQ,0
EDKLECSEELGDLVKTVDNDLALKIYIKA,0
GITITSPPTTAFWNKHRINIIDTPGHVDF,0
AQITALIDKSKEMSKAETESGETGPLVNE,0
SEVSAVRYMHLDEYKSCLAKESGEYVPYD,0
LATDEAVLEENDMVKIDMGCHIDGFIAVV,0
GCVVSVVDELGIPVKFIGVGEGMEDLQPF,0
SGRSRGFGFVTFDEKKAMEDAIEGMNGLD,1
HDNSHSSPKQRFGRKLDLSPVSTPISWVR,0
EYRAYQEQVMSNCAKFAQSLTAKGYELVS,0
LLRSFSSQGRVRRAKNGRAQRLVVRADAK,0
GIIATNKQLMPSLLKAVQDAIKEQNQAAS,0
QARRRASLVVVAKVKVSTPQADRIARHVR,0
QTTEKELDEYQSSGKSMLREEVTQDDIAE,0
LLIGVGVTLLGYGLKYGLELVGVDPLQAG,0
GSGGVVKHILLARFKEDVAPERLDQLIRG,1
IRAFAEASMTTAYEKKWPLYLSTKNTILK,0
AKKQTFSSFDELLEKSEKPVLVDFYATWC,0
GRRARSVRASLFSPKPATPKDARPAKVQE,0
EEARKFGCTEFVNPKDHDKPVQQVLAEMT,0
DVYGDADEQLEKVMKTDRFKPDKGFSGAS,0
DMRLQQTMVEMFPLKSEDAAYGKISGMLS,0
ICSQWGSFARAFSVKPTGNEVIGIDLGTT,0
AKLGCPPAAALGSWKGSRISSRNLVSMKT,0
EGNMMHIALLGADNKMHIIQESGDDADRI,0
MFSTDSYSTVRGVDKLIPVDVYLPGCPPK,0
PNATLLVNLELVSWKTVTEIGDDKKILKK,0
LIGPVLVKQDLAEAKANVKKRIEYISAEL,1
DVEEEALASAQEEIKECQESLSKCEEELR,0
GAIYLRFPHKGYREKIWDHAAGSIVVTEA,0
TVSSFVSPSSFSSVKASKPDRLRPARRAA,0
GMMKSGYEGVREIEKRLTNTVGWSATSGQ,0
VQYDADGNLKTEIIKTPFVQIPLGITEDR,0
ERVVMELGFQNDYLKSQIAAAEGGSGAAE,0
INSDEVQSVVKPINKEVKLREARRNPLKN,0
TPEILTPYLDGIVTKLLVLLQNGKQMVQE,0
GGDRRSPDEITGPYKDDPAPTSFVPAAGY,0
KKIKEVSHEWNVMNKQKPIWLRKPEEITK,0
TLRVGSSRGRVLVAKSSSTGSDTMELEPS,0
VDFIKKNKETAGQAKEKAESAPAEPLKDE,0
RRAATTFLCRVGPGKPSKDTGADDEPKKR,0
DAANMDNTPPMVEVKPKYRHDFYNSATEV,0
FASGSPFDPVEYDGKIYVPGQANNAYIFP,0
AELDNFMVQQLDGTKNEWGWCKQKLGANA,0
RFAVLEKSSNQVLVKNLKNEIVKKSPLPI,1
XXXXXXXXXMGVTKKPDLNDPVLRAKLAK,1
EDITGEALATLVVNKLRGILNVAAIKAPS,0
MDFSREEPLKCPLDKLVDGVHLVGKHDAD,0
ILGKMKETAEAYLGKKINDAVVTVPAYFN,1
DPPSAEDDAEAAARKMEDDFDAFTASKAD,1
ATVYSGPPLSYYVAKFQPSLAAVALQQQP,0
VEVAKIIYGVHDEAKDKDFELELSWVCDE,1
PTARRVIYASQLTAKPRLLEPVYLVEIQA,1
GLRQTNFLDSRSVIKRDFGSIVASQISRP,0
DYQNVMVFQSSTYGKVLVLDGVIQVTERD,0
ACEQGMRFAIREGGKTVGAGVINTILKXX,0
DEDGDVDKYRAQIEKCVQSFRFTXXXXXX,1
QSGRIVARFGFGGGKKAAAKKAARPSAPT,0
VCKDRFTGQPGPMCKPRAENXXXXXXXXX,1
NAEIKAWLALGTKTKKKSGAKKKKGKKGD,0
SEGQQIIRPLDNPIKSTGHIQILYGNLAP,0
RWGGREGAPPQSPVKQSTSVLALPVACLA,0
GDGHRACIRTHEVIKGMWKDVPARTKDYI,0
ENATVRASAVSTLAKFGALVDALKPRIFV,0
ESDDDSIETITLGDKRIGIRTSVLEEKAT,0
YCMNPSGWTRVIVEKPFGKDLDSAEELSA,0
KEILIELIAKGGTVKSVIEEKDLVQIADP,1
GYIEFQRNAELDPEKRLYPGGSYFDPLGL,1
TSGGPYLSSTWWTSKETIGTWGGNNFAVQ,0
SSKSFRGPGLEEGLKILEKVKATYDIPVV,1
EEANATFIEDEAMRKRLMDTNPNSFRKLV,0
EAHTPPGGRLGRGHKGLYDTINNSIHFQL,0
YFSRAALELLYQSQKKIDIIHCHDWQTAF,0
FVNKVNDHWSQPQFKGLDLEFDVPLRELG,0
ATDEKYNEAIYTTAKRLAAAIDGLPDPGG,1
QAEFKKMYGLIDQYKLKGHIRWISAQMNR,0
NLQTYKEKKFVDISKEDLELGDEDEDNKE,0
NLARQYGASAIHGDKSQAERDSVLSEFRS,0
SLSFGKEFTHAIEAKQVAAQEAERAKFIV,1
PVPPSPTVEPTPAAKATEPHACLNNFTNX,0
ESGIRAEFASHLEEKEEEMKRLVAKIRHA,0
EIEIVNLERVGFGTKNFDMAIVFKDFKKD,0
ETVKELEQAARRLAKAVGYVGAATVEYLY,0
EKLHAEWASAKLASKKRLAKHVLDVTGVT,0
EAAKRAVNPLSSSPKRIVEQKDSFYKEFS,0
NGASIFTTSGVSARKFQTDIEAGQVGINV,0
VTPNGVAVITLDRPKALNAMNLEMDLRYK,0
ALPSTTGRNRIVCGKVSKGSAAPNFTLRD,0
VGGSASEGQVVEAFKILTSDDRVKAILVN,0
XXXXXXMAFTMRAVKVPPNSASLEEARHR,0
IGHALFLFMSSARDKVGYVYPNVNSAGAG,0
IEKRGAKKDKDKEKKPGIVVIQGPKPGKP,0
APILDEAATTLKSDKDVVIAKMDATANDV,1
TVATASFAGTYIIVKNIAEASYVCDYILG,0
VPGGVGPMTVAMLLKNTVDGAKRGIVQXX,0
DELAKEYVGKIKCCKVNTDDSPNIATNYG,0
INRQYPFEPLKYLEKTLKLTYEEGIQMLK,0
EEVDPEIADIIEHEKARQWKGLELIPSEN,0
QDENSMEEAKAVVAKVFTDEGLEVLGWRT,0
FAPTVALRVAECFDKIRVNPGNFADRRAQ,0
GGSTRIPAVQDLVKKMTGKDPNVTVNPDE,0
SELLPQYLSAPEWQKHHAALITLAQIAEG,0
RRDAIKAYDKLEKEKKLSEDNVKDLSADL,0
KDISKLADLIGDEDKAKEVVEAAKASMGQ,1
YEAAQLEVFGQMVMKGYIYRGRKPVHWSP,0
VINQCSEAEVWLREKIQQQDALPKHANPV,0
LDQGAGCLIIFEDPKTEAIFPATLETISN,0
XXXXXXRRILNNTAKHLYKTPIPSTRKGT,0
PIEIYEFEGCPFCRKVREMVAVLDLDVLF,0
THVFESTFESTEGVKEYIEHPAHVEFANE,0
KTESVENMEATTGNKWPSLRRRKHIVVIA,0
SKGKRLVFVTNNSTKSRKQYGKKFETLGL,0
MMALKDFVNKMGSDKVLCEGNGPSPPADL,0
LNESWTQFHATAEAKRQLLDAGFTLLSEN,0
LQAAVPAAQSLLLDKLKWNLPFPSFFVID,0
TRLEKFVTAYGQFLKANGEQPVTWKRAAT,0
QCAWRQRLARRELRKLKMAARETGALKEA,0
DTKSCTLVSASTMHKSLSKDLEYSAGPTV,0
SPSGICSMVQVTDLKNSPPMLGKHRTVTR,0
KMFKYLESVDVDDSKDVKSGYSITLTFSE,0
TEYAQKIIKNITTTKLSSAIEASISRGQI,0
LLEQDNTDLGYDAAKGEYVDMVKAGIIDP,0
KRGEEVLKAEEMAAKYRATGHAPKKLIGC,1
EPHYIRCVKPNNLLKPAIFENTNVIQQLR,0
TIELQIGLKNYDPQKDKRFSGSVKLPHIP,0
GDTRKVIGRVEREAKYPLSLFAETEDGEN,0
ISDCRSYPLYRFVRKELGAEYLTGEKTRS,1
RDELEERERKHYSSKDKSYAEERDRRKST,0
ERERRLEARDAAMGKKSKLTRDRDRDVSE,0
AIPTGCRCYFNEVEKCLKQVGRMKYLRPL,0
RMILECSSGPNLHVKLELVDTLERLCIDY,0
VQSLCVHEMIVRAFKHIVRSAIAATSDMR,0
GQRLIIVPPELAYGKKGVQEIPPNATIEL,0
TYEAVRTFQILGVEKDKGLIGKACKFAAE,0
TGMRPGDIVTASNGKTIEVNNTDAEGRLT,0
AANYGDVPVEEIQSKTISGRVWTEIGGLD,0
DATPPAACPSIVNAKQLGLPSSKLXXXXX,0
LLGTQLLLMGWVESKRWVDFFNPDSQAVE,0
LLDMLFTGQVGQDVKTKDGINGAAIPSIT,0
NLGLNDEVAAGLAAKSGDRFAYDSYRRFL,0
ISLVYTTVALNIDGKKYTIDTVRSGHGSY,0
NFYGKAGVQFFTQIKTVTQQWKESPAQRV,0
FAKFDILMKLKRGNKEEKFKAEVHKNLEG,0
SSVNRIPKPKPKIEKKPPKEEESANKEKT,0
CLNQDPAHSIVNALKQGYRDDEGLYLASD,0
VQEIVSEIFGKSPSKGVNPDEAVAMGAAI,0
LDENQTAEKEEYEEKLKEVEAVCNPIISA,0
ISRNVRASVEGHRRKVPADLCGSVKVSIA,0
IRSCSASLAPAIMEKLEAAFGAPVVEAYA,0
YREIENGILWEVDGKWVVQGAIDVDIGAN,0
EEASRLAKQRLEREKARRYAAADMSEDLS,0
IVPGGNLGNIYAFYKGFEMCRVLGLVDRV,0
PIAECLVKEIAKPAKDAISEVVRSGDLVS,1
VNRVVSSMFNTVSGKKIAVLGFAFKKDTG,0
SAGAASAEEAAPPPKPQIDLEFVGPKADA,0
WIQSGTVRDNILFGKPMNNEEYDRAIRCC,0
TNFTEEFDFMAMNEKFNKDEVWGHLGKKS,0
DMLIVENAATEGDEKFPYEGPEFTELPVN,0
GLLDEVQKNLFETAKQKRDACLKVVNTWD,0
KGAKVILASHLGRPKGVTPKYSLKPLVPR,1
AMKVNHLSGAVHFGKMDIESDCLSNHLSV,0
RMIGKKVSENILNKKELEFYKWEGNLSQL,1
APKHAYMKERAEVLKEEVRKVVKGSNEVP,1
VDTLEGANPASLANKVAKLAGPASVAESA,0
AAQVIPAWLGCLPIKDDKIEAKVVHDQLS,0
XXMSKRGRGGSAGNKFRMSLGLPVAATVN,1
SVLGTPTRDYLLSNKGDRVPISDLEGKYV,0
RVTFVGSVPKSASGKILRRQLIAQVRSSK,1
ECAPMSFIVEQAGGKGSDGHQRILDIMPT,0
SAAAPPAAKPGTPKKRGKTEIQETLLTPR,0
LLPEAQDGLWSLAEKLNSEPEFLEKHIPT,0
PGSMKIKVVAPPERKYSVWIGGSILASLS,0
RPTPGEGPSWYHLLKKASGGCNDLMYSGH,0
EDCRVISDKQSGRSKGYGFVLFRSRRSAL,0
MFYRNPSADMLLEEKELDLDLIRKAKIFH,0
XMAAVNTVSSLPCSKAGAAVAGGAPRPST,0
SLNEKQQENQDMLIKCVSQDLGFSSGRPI,0
YETDLERGELLAEGKVPIGIGENTKIQNC,0
TVDAATSCKISEAIKQKGGAFVEAPVSGS,0
PNTGVAMYESDAIIKYLADKYGDGTVPIM,0
RGTEMWEEMEEQRLKNRSKPSQENVVLEK,0
GTDPSMPAAYAADMKSKCPPETAAQQDAT,0
ITGDLVRGVLDAGAKTGHEMCGGHIRGMF,0
MYVFGCSYTHNVAPKGKFIAFVSTEAETD,0
GILQDEVDPMVSVMKVEKAPLESYADIGG,0
TVDGYSGYGAEQGEKKLRAAIAATYYADL,0
SFELDEVTQKELLSKLESHGKSVVESKAK,0
QKEAEPDIDKSKQGKKQEIERKESQPSNA,0
DGNKVVLSVSNADTKVDDAEFEENEVYAI,0
TTNAKTMGPVPLPTKRRVYCVLNSPHVHK,0
IDCYSESATAVFGQKLREQVEERLDFYDK,0
SRKPPRQLFSEVDVKLVFKEVSSKFLRRR,0
AEEGEGLYTGTGDVKYHLGTSYDRPTRGG,0
VGLLVPIAVSLLLRKRRMVGKMRALPVDV,0
SDALVKLSKLPLPPKAKGEIRRHCRRVNT,0
ISSCSHRIRIVLNLKGVDYEYKSVNPRTD,0
QKLRLSFQLSTPLGKTFKPHQVFLKLKHD,0
DDGTGSDGFELIDVKENFDSAKVVEEEKA,0
VTEKAVGTDVIRGVKPEQQLVKVVNDELV,0
VGGEPGYAIRNYRFKQPVETHWEGVTTLA,0
GGVLSVMLENVVNDKYTGVYSVNVSLEFH,0
INQGLASELLDGQRKLLALVSSGGSLSHN,0
GKQEHRELAREAVRKSLVLLKNGKSSYSP,0
SSFAPPPDFKPPEPKTFEVKPGQSDDIVT,0
GISDNDAGTVESVQKIDLQKDTSVSLSAN,0
IEDERIVEIQGETEKVLKALQAVSNHLRK,1
GAYCTDSEYGCCVPKYGYPSEDFFVKSFM,0
WELGACWVQHLQDQKNSDKDKKQGGEKEK,0
IVLMGKNTLIRRCIKVHADNTGNKEFLEL,0
EVLQKQVKLLLKGEKEEFKEELRKVFKFQ,1
GEGEDEHDVVWFWLKKDEPHECPVCSQYF,0
ARYQIPGHPHPWAQKYYVPYASDSDAIRR,0
VRLSARGGELSRGPKICRCEITLFTKRHG,0
SEALAQQVTQENFDKGLTYPPFSNIRKIS,0
GAYLSSSEDPDIHFKYIEAAARTGQIKEV,0
NILDHLRTRTLEVFKESFDKSLEKEGFAV,1
AFGRVFSGRVATGMKVRIMGPNYVPGQKK,0
SDALDKIRFESLTDKSKLDAQPELFIHIV,1
RDILNGLAERFDWDKIVEENNVIGLKQGK,0
KGLLLSKATSREIIKADAYVAACDVPGIK,0
ISFRVKNAEAVPPVKELRKTMRIQALRCH,1
GVGGGGGRAVNGSAKRKGKKRRGKTVILR,0
RHSSVEQIDICEIDKMVVDVSKQFFPHLA,0
SALIEHEMGDTSTIKDIISEVDTDNDGRI,0
DILVHSLANGPEVTKPLLETSRRGYLAAL,0
GEAMRASSFSLAEAKYVAGDGVRHVVLQS,0
DKVKEVKSNPEVVEKLDKVKEDISSLAHA,1
AGAVRTGGKGTVRRKKKAVHKTGTTDDKR,0
HERSLELESLLHTSKSDAEVAHTRTQDLE,0
APEVSSSIPSSLVRKSPYLTHPIFNMYHT,0
ESQSEQEALEIAITKLLLKSYYNIVRKNV,0
ERDEHLFKAFQYFDKDNSGFITRDELESA,1
KTRGPPLEVLLELRKEGSKFMGNAGSVTA,0
AIRWAELKRKTKEEKKLAITVFSFPPDKG,0
VAGHTKDPSENITVKEFDPHTCTWSIVKT,0
VAISPTAKSLAAYPKSPFQLKTPENGVAP,0
VRSPDSSLTEVDVQKFIEKQVAYYKRLKR,0
KLDEMLEKKGTKVDKVLNFAIDDSILEER,1
IDKIRDVARVFVNGKLAGSQVGHWVSLKQ,0
GIGKNAHIRKAIIDKNARIGENVKIINVD,1
PYRDQCAHLLIPLNKCRVAEYYLPWKCEP,0
SYILDLRNNPGGLVKAGLDVAQMWLDGNE,0
QYAGLNPTLSSGPQKLSELQPPLLQPPGT,0
GGDPSLISLEAHYAKTVCSRISENYYPPL,0
LPSILAQSDGSNQTKTSDDLFVVPYSEEY,0
IEKQTQALFGRPDIKVLDDGSVNAKDGQM,0
FEILDEEGMSVVILKRDYKDEKIEVIVSM,0
AFFHWGNVHMSRARKRLLLPGDSPQESVL,0
SATISKKQLKKDARKAEKAEKASQRQQQQ,0
RRYELFMEAFDHISKGIDQIYKELTKSQT,0
LKDDQLEYLEERRLKDLVKKHSEFISYPI,0
QPAAVSYGAPPVDAKKKSKMGMGGGLAVG,0
IPLYKEELEAAEMVKSQVVNELEDTRRII,0
EAQRKVENYFFDIRKQLFEYDEVLNSQRD,1
NTFPTNASYHIQRFKGLGEMMPAQLWETT,0
MEHILAGSSFMSHAKKVNEMDPLLKPKQD,0
AAVNGSWLGAWGLEKLLWDMLVFKKVRAV,0
LILDEPTNHLDIPSKEMLEEAISEYTGTV,0
ELESLKATVVAEKEKILQEQNNLKLTEEE,1
SAVQSILVHKTDEDKVMVLDSHKLMGASG,1
DLPQVAVVGSQSSGKSSVLEALVGRDFLP,0
ASPVPKRVHVAVPPKEEQGGGRRAALLGL,0
DDEDVEYSPFYGIEKGAVLQEARAFHDPQ,0
RLCEIIRNHLANLNKYRDQRDRPDLTAPE,0
IDEIQNSMPELPEAKRRRFENMGLSMQDV,0
PRVSLHIGDGVAFLKNAPEGTYDAVIVDS,0
GTIDIQSGILHAEEKDYKTAYSYFFEAFE,0
AMAILGFNEFMTLLKNPLYLGVIFVVFLV,0
IRKISAHIAANVAAKAYELGLASRRPRPK,0
GGAPAGRIVMELYAKDVPRTAENFRALCT,1
LAELQKIVKNWDSNKPWLPKKRVDEVVSE,0
ISQCAVNPGETFVYKFVADKPGTYFYHGH,0
SDEIASEMFREHAKKLVEENISTALNNLN,1
LVDELSPQSQDIIQKYIRTSGKGNKHATL,0
DGAKACNRKLIGARKFSAGLAAALGRRNI,0
SGAYIVRIPFGPRDKYIPKEHLWPHIQEF,0
VDFPVLESEALFIRKAGEEITQQLYNFED,0
HVPQGAAFEADWNAKFAEYEKKYPEDAAT,1
LHSALFKGPEEDGPKTIKLFCNKEHMGFS,1
GPPPFVVIPEVVPRKPTFPESGRALMDAL,0
GVEVHPLDFTTNCGKIRFYCWDTAGQEKF,0
REDVHMNIEAALIEKVGEPAKKLHTARSR,0
AANDAVGADIVLHVKAKNDSGVGLMEDIV,0
QKAISTSNAYDDQFKQLILAGKDAESAYW,1
EAAVYLNDCLLNSQKQYRAMIEERDTSGG,0
KEVLVEDRQKLETDKADIRRDIDSLNTLS,1
GGSGAAESELVKGLKEQVERLRKEVEEHK,0
SSQLNNLELAVNLAKRANLPGAENLVVQR,0
LHAAQEAKRASELDKTLETAQLNMKEMEA,0
GSRGMERQILYLISKSSYNTSSSRITCWK,0
ILVESRIHRLARYYKRTKKLPPTWKYEST,0
LQKQIKEIAKRGGKKPVLQGEVTKEAVME,1
GTGNYASALFLTAAKANLLDKVETEIRDV,0
XXMASAALPEAVAPKKKGNVRFAFACAIL,0
DGVSGLHIDPYHSDKAADILVNFFEKCKQ,0
EACIGIKELIEDSWKDMMKEYLAPTNLQP,0
NYPVVSAEYQEAVEKARQKLRALIAEKSC,0
KLHYLNVEENNLREKLRRLESEKSNIEEE,0
ISLDQYVENMPENQKAIYYIATDSLQSAK,0
AGDVNVYDLQALCDKVGWPRRPLTKIAAS,0
LVKDRIESQNEVRAKEKEEKDLVAQQNMY,0
EPTRNFDGKMLNVQKAIDGRTKNTPGMNA,1
LENYGLPFSRTEDGKIYQRAFGGQSLDFG,0
ELDALQDWEYKFMGKYVKVGTVKKTVPVE,0
VVGTGAAAEQGQLIKAHYTGRLEDGTVFD,1
VIARIVDGSEFDEFKKLYGTTLVTGFARI,0
QQHVAELEVQVSSLKQQLQETEIHYKHKE,0
VCRLIDRPLRPTMPKGFYYETQILSWVFS,0
EPWYGIEQEYTLLQKDINWPLGWPVGGFP,0
ASEKYSSRNLSAPIKANLHFSLSRSGIIS,0
FLVGKAMWVQLDIAKEFQNGFLPAVLSLS,0
QIEETTERTKAALEKVVNVRLSAAQPKNV,1
FRLVCRSVVDLRSQKFHTRVYKRKSYFRS,0
DIELVSRSAALINQKCHVKNKDIRKFLDG,1
VVGKPSTFMMDYLAKKFGITTSQICMVGD,0
GGGAATATASVAAVKYGGPVDVAKQVLRS,0
EFSGNSYEDLVPNRKLRRKKSFFPLMGSL,0
GDSACSLPTRTVSAKCLDIIRSWTTKLAK,0
DQFVGRGLVRTEESKAKIGGAADVFVGDI,0
VGFLIGLMRLGVNLKNFPSLPAPAAFASL,0
LSEYRKNLYEYLVTKMNDIAPNLTSLIGE,0
AKVLSPYAPLIHVMKVKPNKVNLIIGSGG,0
KDLHLVSLRFYLLRKNGYDVSSDIFQHFK,0
EDGAGGDDDEEDIAKLLEPLSREQLVALL,0
LSEFDDLAGHPGFDKQGTRFKRLIKDQNN,0
KKMSSSNAKALNAMKQKLKKNNKQYENLI,0
AAGGGPVDLERDVDKLQGRWRLVYSSAFS,0
DSGAAAPSAAKEEEKKEEPEEESDGDLGM,0
SKTILDTDDRREGAKELGAFQYQVPLIQQ,0
EAVVNATRVLDFVYKDDQDAYTHPSSLKD,0
MVDTTILGLDTERAKELPYIASMGIYVFS,0
RFGVTRVHMEEDAGKLLHSESGSYSQVDL,0
FVASASDKQWQSSEKVLKTIVDSFKVXXX,1
ILEKEAVNQSLENLKTYPFVKEGIANGTL,1
PMHYAGPTEVQWHAKARINAGANFYIVGR,0
MEEKQDESQRQDDIKHPENGGSVIADGDM,0
RLENMSWRIWNLARKKKQIEGEEASRLAK,0
STKSMREDGGFEVIKKAILNLSLRHDLHI,1
FVSEAVDKVELLYSKFVSLVRSDPIIQTL,0
ADRMLDMGFEPQIRKIVKQVQPKRQTLMF,0
RTQDAAAWLEYFESKVIEQQEAARNGTRK,0
MGGIQAAGVLAQIEKNNRKRQGVEWTKDE,0
XMAAEEGVVIACHNKDEFDAQMTKAKEAG,0
WFDRDLTLAGRVILKDADGSFKHELVKVS,0
TASPFCPSPMPRGRKCTVRVQAGAAGADA,0
HADDTVNAALIETLKKGTSFGAPCVLENV,0
FSDQTKESLELAEAKIQQLEEEVHRTRND,1
TKDKNEAVRSQDFEKAGELRDREMELKAQ,1
LVQHPVINSSCRDGKSFTYNSSINIAVAV,0
SLLDNNDDDAQAQLKDLEEAVGAEDEDTV,0
DLVTDPAVSKALYDKAKSSDKTLRLYKDA,0
IDNPEEVCIKVFAQKDNPRIPSVFWIWRS,1
EDKFRDKDRKKKDEKHRDFGTRDNDRNDR,0
KQCNPFLRTSSPEIKNTLSIPDHFDDARV,0
APDEQPVNDNQNTSKVAAGSQYTAKRTTR,0
EDDEEDLASLNTQLKQGWSRGTNAFELAF,0
TVPFVSKAIGHPLAKYASLVMSGVTLPEL,0
RGGQNGRSRFSEQRKLDTETFGDFPRHRQ,0
EATEWAMQDFYALRKDVELAVARVSEVRQ,0
MVLGRNHDLEDKVDKLEASLAEANISKFS,0
AGFDPTRCIFNGNGKTLEDLVLAAESGVF,0
MAYKINSHVGVRLIKQQQAPHVAVAAITA,0
ETALDSKLRTTTHGKRLRENEVGMESVQD,0
DCEPILGYLHRGMEKIAENRTIIQYLPYV,1
KELKETLQDILGKNKTILIEQKIDYSIMG,1
DSEVVQREAESISRKTLRSSAEKFEFQAE,0
MKFPDMVHSLKPNPKSHVQENWRILDFFS,0
EIFSKCWYPENHRIKAIVCLCHGYGDTCT,0
LVNEAESERTSFALKYRSNEDQLELLKRQ,0
DAQDFFKPLNDVIAKAIAMTEGRRPDYFN,0
YFFPVFQILRTVPNKLLGVLLMVSVPTGL,0
GGLRLRSRPSRFPQKAATTRSGRAGAGAR,0
PQMEEGVRPAPCRAKGGAPGFKVAVLGAA,0
IEFVDNQDVLDLIEKKGGLIALLDEACMF,0
KLPMFGCTDATQVLKELEEAKKAYPDAFV,1
ESTGELLLQRRADCKDTWPGQWDISSAGH,0
MSGFGKDMGMDALEKYLHTKAVVTPLYNT,0
VLTGKYIDTNPDISKKSRLNLFPGYMERY,1
LAQQTLIAHWQSIVKILTNYLNVLKANYV,0
VELEAVKETQIVHEKRERPPKTAEQTVNT,0
ILVATDVAARGLDIKDIRVVVNYDFPTGV,1
FGERYLSSVLFQSIKKEAENMVVEXXXXX,0
QLASATAIEEAGGPKIPMKYGRVDVTAAE,0
DVVVCNAAVYQPTAKQPSFTADGFEMSVG,0
GGTGQFAMATGVILKKMQEQKQYGNIIEL,0
DGFLRVNLNKKRLDKEDLTAAKLAQQGNR,0
FDVFLGSGGSSDISKKGSDGSSSSSSESD,0
VVFSSLMGTRVDVRKQLIQNAASMVNLEH,0
LLRLKEPAVLLRCRKEDHHHVESVLHSAK,0
KDKKKENAERDERAKKSVSINEFLKPAEG,0
CAIIMFDVTSRLTYKNVPTWHRDLCRVCE,0
GESIYGEKFADEVFKFKHDSPGILSMANA,1
GELKKVLSEKGIVAKESLEDRLKALISSA,1
INEPTAASLAYGFEKKNNETILVFDLGGG,1
STLDLVTEACVGNTKCAISVSNDVFGDPC,0
VVSGWFTEPRSRGGKTSKVQYYNNPMWPG,0
IHDDCKLKFNELQSKRMHRFITFMMDNKG,1
YILRPWAMEIWELLKEFFDAEIKKLKLKP,0
DSLLGQIKTGFGEGKDLVVTVMSAMGEEQ,0
CISFTGGDTGIAISKKAGMVPLQMELGGK,0
IVDKLGKLTREEIEKKLVTIGLSSEAVLG,0
EGADQVAATVEEHLKISVPSSCCMHVPVY,0
LVADVFSNVAVAENKVVQVSTSSSVTSKT,0
GLRGYAQRDPLIEYKLEGYNLFLDMMAQI,0
LDVMLRSLLLIALVKLGHDETINEGVRRF,0
VSEDHSAHLANLRTKCSTLDERCLSLSKE,0
LNLENEDEPFLHGIKYTAMPPTKRFRDME,0
GEMTIVLASISTACKQIASLVQRAPISNL,0
LSTSTSDEPSSSKKKRSNSSSGASSIPTG,0
SSLAGSALSFATPVKAVKTNSISFTSARK,0
VLCNGTELATDETTKRMVNLLRRFQQTLP,0
SKKSSSYKADGETCKITYGSGAISGFFSK,0
DTKIDGSRATGMDFKHLAERNLLKGITAD,1
CGTIDIEKALTDGVKAFEPGLLAKANRGI,0
RDLQEDKEPLFDSVKAVLGMLEVCTEFAQ,0
VQSGLGTAAVIVMDKSTDVVDAIARLSYF,0
CGKSTLLKLILGMEKTQGGEVLLGEHNVL,0
MNPTGDLSSARFSEKNLLTAIDREAVFSY,0
KSDLEKEKAFFEEEKREAIQAQQDLAITQ,1
TKEAVMELAMNEQFKERQEMEKKLQKTGK,0
DVPAATIEGREDVHKGEIISRVLNVCSYW,0
KVPPALNQFTRTLDKNLGCQKERLLKRAQ,0
LKPFNCNLLYHDRLKIDPELEKEIGAKYE,1
DYINTSHPNFIGGSKAVEQAQQQVRSSRL,0
EIYPDPVRVVSVGRKVEDLLANPESKEWL,0
ERIVNERGTSMVMLKNISEAKFKHILKPI,0
EPGWRDVPVHDPVVKDAADHAVKSIQQRS,0
ARRRGLRTAAELPRKSTSNDKHHNRVNMQ,0
ACMFPRSTHETFAQKLYTTFKNNKRFAKP,0
VNPSLLGHMPVNMWKKCVNNMLLVLDILQ,0
AKKYHAFLASEAIIKQIPRLLGPGLNKAG,0
APGDHVLPVFTGECKECAHCKSAESNMCD,0
DKFLPYIISSFGPDKSVAESVEELKKCSQ,0
LKKNTEPYVQKVSSKSVEVYEASRDAVKP,0
AATIAREEGAAALWKGIVPGLHRQCIYGG,0
RFNGLDCFLAGDDVKLKKPDPSIYITAAE,0
IRCAVAGNGLFTQTKPEVRRVVPPEGDAS,0
LIYCEELKTITRWWKELNVESNLSFIRDR,0
LLGCTIKPKLGLSAKNYGRACYECLRGGL,1
NAKLEEIDMLQEVTKQIEGHTICALGDAA,0
DNDIRADRRIHADYKGDAKLDKDGHPTAI,0
GSFDVPLANLEASLKTYEPSEEPFDISLV,0
VCNVAAPSATQQEAKAAGAKESQRPVYPF,0
HEGTIADLNLQLSNKNDMYMQLESQLSQA,0
VWLGFGSAFKHILEKDIRNLHMLQEMYNE,1
DVMGKSRFFLGDVGKGADMKLVVNMVMGS,0
QVTEDQIQRDLAMGKFDWDHPMHLQPTSP,0
IAAEVFKKAGTYDPKRLLGVTTLDVARAN,1
DLPLNISREMLQQNKILKVIRKNLVKKCV,1
EAFEGAESLRAEIAKLTGPDQEMERRDKE,0
LTSGDAEPEASVFSKITKFEEELRSALPR,0
GRFHPDGCLEIIDRKKDIVKLQHGEYVSL,0
SKDASANGSVPEMEKAAAAAAPAAAATEP,0
VLVTNQLHFLPYVDKILVVHDGVIKEEGT,0
DAAFFRDVVTGDFEKFTRVTMILPLTGEQ,1
MEMRLVNYFADQFNKQLGNGVDIRQSPKA,0
DTGIGARASRSLRLKRPSGRPHGRLEVRV,0
QWPLGLRVPFFLWGKFCSSIVCKRTIERD,0
AASGDRTSPEAYRAKHEITIVGNEAPAPF,0
GGMSSAKAALESDTKVLAFEAGRKGKIRV,1
LEIAQVPDEHVNEFKSIEKFKIFNTNNLW,1
PLNDFERAGLEMAKKELMESIQKGIDFMN,1
KDDANELLVALKAEKEELEAALNREQVQT,0
DFEIPTGRRDGFVSKEDEVLSNVPHPEFG,0
NGTSKNAAAPTDSGKNRKAVKVAVTAACV,0
NNPSLDGFDVVDDAKDLLEKECPHTVSCA,0
NKNAEADRLRAELVKIQVSLSQLQASYNE,0
SDKKNMGLLLAEFEKINKKLGIRKEDLPK,0
SESAAPEESQSEPQKTDDLEPEAHDELXX,0
SPWRRPRRGGSFKVKDLSQADFGRLEIEL,1
QKCELDDPLILIHDKKVSNLHAVVKVLEL,0
GGDEAAVIEGTGSFKEESNLVSELPDPER,0
IGDPVSVDRAVVALKATDGIVEEATEEEL,0
RRIEMFGPNKLEEKKESKILKFLGFMWNP,0
LRYNGWVTELQDLEKSRQLKKAVGLDNLL,0
VIIVLVGNKTDLVDKRQISTDEGEAKAQE,1
HVDADVPYAEVEVMKMCMPLLSPASGVIH,0
QAEREYDLNRAAELKYGSLNALQRQLQTT,0
HINEEKILNEISLEKDVDGFHPLNIGKLA,1
AASGAVGQLVGQFAKLMGCYVVGSAGSDD,0
GGQVYMDGANMNAQKHYPVLFRGVNGTVA,0
IASATRKRERSERSKAEDFDADEGELLKE,0
RMQHITTLITTAVNKDIPVMLEKSLKKEI,0
TKEGQEEIAEDWLEKFSPWEIVRHDIVYP,0
LHTSEFLPTLFFWCKRWCFYCSCITNKVT,0
SSLRVTHDELEAVIKSLSAFRIVDTTDIT,0
PARDVVSVLSAYVRKLEQEVGAAXXXXXX,0
KEIKAFYMRLNDDQKTVAAMDVLVPKVGE,0
ASRNLQLTLATKEEKVLHPQVSRQLSPST,1
TDFQARRLGIGYGQKKVSFHLDAGRSNYL,0
SLLRVAKVTGGAPNKLSKIKVVRTSIARV,0
YLPWKCEPERHAYEKCQYELVMERMIQMQ,1
DSPEPIYGTQYLPRKFKIAVTVAGDNSVD,0
LTERQLLRYVHIAGKAKSSTGQVLLQLLE,0
ADLIVPISDVAGNGKGGFWFRIQNASDSH,0
DIEKDKEALGSVQRKRMARSRGGSQASQR,0
VIETYVFWNGHEPAKGQYYFEERFDLVKF,0
KALLTELQALEEHLKAHGPFINGQNISAA,0
WEKNVASVEESWRLKCESVKAESNGHAGD,0
TNSQTMAWILDEYSKFHGYSPAVVTGKPV,0
VYSPPAFTSEEVYEKVLDLQDKVSSVNRI,0
GRGDFQELDQIAATKPFIKIAVKATTIAD,0
RVVLEMAGVENALGKQLRSKNPLNNARAT,0
EAEAAVATKEPAAAKPPPIGPKRGTKVKI,1
DRMRDNSHGRINVVKGAIVYSNIVTTVSP,0
VASVRAKKLSELCSKYEGQLTKALAEPVE,0
QGYFNNVQATEFTIKQGWLHTGDLGYFDG,0
XMEIPSGVTVHVAAKVVTVEGPRGKLTRN,0
EVYIAVLCVYNDINKYLPGPHYDPPSKEK,0
RKSELARLETLDCGKPLDEAAWDMDDVAG,0
TEYLNYESGKFSKTKGIGVFGNDAKSTNI,0
DSSDPIGPAQELFEKPFFQSVARALRPGG,0
PGVDDVTGEPLIQRKDDTAEVLKSRLEAF,0
YGKLDDKPVGQYIDKAEGYLKDFSSGSGG,1
VDTLERLCIDYHYEKEIENVLRRVHEEED,0
NLPSFLLNSGYFTGKRKAESEVLSKYPTS,0
TDDWPTLSAKLAFEKSVFVKTQKATAGAE,0
VVAAADVLDYISKEKQVLALLSKLDMQSI,0
VEESFFTWFTDTEHKSLADGVQDEVAEII,0
GSDGSVQGVGVFINKEPSSGRLLVMDCIE,0
QDATMVQLDDVTPFKMDNQYYRNVLAGNV,0
GKDGAKVPVSELVGKTVLLYFSAKWCGPC,0
LFGTLPGRQTYVLDKNGVVQYIYNNQFQP,0
PDEKVVEENLEKLKKVLEVYEARLTKCKY,1
KEKFKRMCDKSQIRKRYMHLTEEILQENP,0
NLVFRDAYEYLLPWKRLFGVHESQIDDVM,0
SSRDLAAHTTLKPRKEGQHTQEELQKRNL,0
VTCPDITLTVTPDLKLGNDGVLLHIDLGK,0
CDTYTPAGEPIPTNKRNRAAQVFSDPKVV,0
KIEAELSKICDGILKLLDSHLVPSSTAAE,0
SFLQCPSSTAASASKTLAPTLTFRRFAAM,0
KLAVKSKGAEKPAAKGRKGKAGKDPNKPK,0
TTITAGLAMSGRSGKGSKYTPAKLPPEPI,0
EVTIQYNLCNEPWLKYSISIVADKGLKKS,0
NECNLALDASPRYSKALLKRARCFEALGR,0
KRTKDAVKFKVRCSKYLYTLCVFDADKAN,0
DFDAFTASKADDLAKPLKDAGIPYKIHIV,0
ELLDGVKRCIEQINKANRGDLTQEEIQER,0
YYESRLNLNWRPILKTIIDDPQKFIDDGG,0
ELQQAQEELQQLNNKLLSKSDVKQNLDTN,0
PPSPRWLLLRAVQGKASVEDNKKKAIQAL,1
LATKHEETTANSSEKNSSSSTKVVHHPLL,0
DSALSSQNGVLGSTKTDKPHTTLSTHTTT,0
HLFLELPLLREKLEKYIDETSLTGSWSQN,0
QEDAEELQKKILSAKFNFNDFLKQTQAIA,0
EEWQNDLDTKSNALKKWEESLQNDEKQLS,0
ISYNDANTLREMVRKRDSCLREAYLSCRG,0
SKVNETKATVKFQLKKVLCMGVAVGNCAM,0
VRIGLRVLTRPLPEKLPTIYRSLGENFNE,0
QPFFDYIQREIAQIKFSITRTAEMEDRLI,0
LLHKASECSDSPSLKNLLKTKANAFLSND,0
DLLGLKVNPARPTDKLPYRGAWLWVGSEM,1
NLQESFEKLNKQLEKVVRVNESSTVPNMY,1
AVVRCNSDNPFDINKLDSIENNLNHYWSN,0
GEELRLKDIEFVQNKIDDLEKSMKRSNDK,1
LQSARRCGISPATRKPRSLPRAAKVVVAV,0
SVDMGAFVVVVNAEKVAVSGKKRSQKLYR,0
LVESAMMSETNQALKEDLDAKLAMLRELQ,0
EEIQNLIVALGLGVKGEDFNKEALRYHKI,0
PILQNIREEVTDDGKYSLVLVFEAKALEI,0
LLAESEDEIPAAQSKAASLSSSSSSSPPP,0
CQLGMDQRKAQVNLKIKQAFCPPNVVDGN,0
SAPSDQSRINLLDPKDVIMNKIKRCKTDS,0
APAITVLQLFLSSSKPVLRFAAVRTLNKV,0
MQIPLTYAEDIIGVKGANIAYIRANSGAV,0
EEVEVDVFKKLERRKVLSTVEKAGLLSRA,1
QAVEGIARQPEAEGKIRGTLLLSLAFMEA,1
HEISFIDKWFLTELKELVDVEQFLISRGL,0
DMEAIYFDEGVRTSKRHQLESKLLQLVNP,0
GDVVTVPKRGSGNEKRVWKELILSPTPAM,0
QRLEEKATNMESENKVLRQQAVAISPTAK,1
VGYLVEELRDEETYKTFCADLADANVFIG,0
PAFNVINGGSHAGNKLAMQEFMILPTGAA,0
QNLLCLKLAEEIGVKIANPWISWFKVASL,0
LTRSDNYNRKGFGHKKETLELMSQEYTSD,0
EHDIFYRQHGLNMTKYILSIPKGGSVQYI,0
TRGMFNKERIAKMKKGVIIVNNARGAIMD,1
GKGAAYSRAEDAIWKLVDTTGIPFLPTPM,0
SSLKFIGSGAAPLGKDVMEVVAKKFPDSE,0
LEIAEANVSRAEGTKELVEAKVALRRARI,1
VIIEENLACGSEKEKATNERLVEPLMSLL,0
HFVCACPKGFEPDAKTVEIARSAGSKIEI,1
QEYFGITPDVSTLGKIIGGGLPVGAYGGR,0
CTPEMLSLPRAPSLKEDDKATNLEMDSCI,0
EVVFARKVDALEAIKRYDGVILDGNPMKI,0
NGAESDSEEERRRRKVKTFSKSRPPPERS,0
AYYVAPEVLRRNYGKEIDVWSAGVILYIL,0
PIMEHALLQARDGRKHILNEMSKCSPPPA,0
LPPNPKQQIVLENLKPNPFWDMESLVQIT,0
VYSGMGPDFRVLVRKSRKQAQQYYRLYKE,0
KIGGSDFSHDRQSGKELQNFKVSPQEASR,0
RQSAFDRVLASIPFKGQVLNETSLWWFDR,0
IEWYPGKNLTQKILKKKPKKGSKNAKPIT,0
LPYDSPGQIFVAFEKPEHVPATGKFSNVL,0
GTAHRAHASTEGVTKFLKPAVAGFLMQKE,1
ALEVFVDGHAVRIPKGFTVLQACEVAGVD,0
VTYPLLVVKSRLQAKQEIGRNVMSRYTGT,1
QDGDLFLWESRAICKYVCRKNKPELLKDG,1
RRRPYTVVLFDEIEKAHPDVFNMMLQILE,0
AAQPKNVPTHDSESKFIKYKPSQQSAAFN,0
QEGHTAHATLEEAEKEAMQMIDVYTKFAY,0
KQFKRPHSDRYLCLKPSWRRPKGIDSRVR,0
QVFAGYVLHMGSFTKGSKALSVGDKVACK,0
TSREQTTYYAKVLDKDVPRALNILADILQ,1
AEEEASGTRLLIDGKTCMLQNDHDPSKLL,0
IVNIPSFMVRVESEKHIDFSLTSPFGGGP,0
GYMKFFYKKVLTTMKSIETDLKLQGNKHV,0
THLFCVPPVIIALAKHGKAGKYDLSSLKF,0
DGNTGYLYFWNPETKAVQYDRPTAPPPSS,0
ASAAAADRQKKSGAKQEKAKWEIALSVLM,0
LGIEETDIFVSDGAKCDISRLQVLFGSNV,0
RENIEKDIEMEKRRKDNPEAMEEDEVDDI,0
SKTYKGNYSEYVLAKAIWVETQYAAWEKQ,0
VILASTNGTSVPEPKTISENGSSVETQDK,0
LSDKELGVLADWETKFQAKYPVVARLTEX,0
SSVLEPEVELSHDGKIREIAMDSADSDLK,0
NSERSTVCLYFAADKAAVQDPILLLNGSG,0
GAVFEGKFYAPGDFKALETMPSRAEVYAK,1
EAMEEDEVDDIAEIKAAHFEESMKYARRS,0
INSGVCDGMTYEEIKKVMPEEFESRKKDK,0
IEIPKYVDTVTPQYKPKFDALLVELKEAE,1
QYRALAGKANDAFYKLSNTRSQIQAYVFD,0
AGSTDSPAMQALETKIKEQLEADTVTVVD,0
AVADVAYSGESGAGKTETTKMLMRYLAHL,0
ELQALNSAKNEAEEKLSELTKDYTDLKAS,1
VQKDAPLPHLSIYIKNIYKGMHGSDTGAL,0
AIIAGGRLLLRPIYKQIAENRNAEIFSAN,0
LTSDRRKELAKTVAKLAEEGKVAIRNIRR,1
LSATVSRIPGTAKSKGYGFVTFSSEEEVQ,0
GAKKQRLLWASTSVKNPAYPDTLYVDPLI,0
GLYQQATVGPCNVPKPRAWNPVEQSKWTS,0
LDKKDAERRRTAELKNNLESYIYSMKEKL,0
AAVSINGNQNPGPAKQDAMDIELAEQQIL,0
GIGCSFRIERCCIVKKGGGTIDLEPRLSH,0
YKAFLDEWETNPSVKCVLVESSSPRAFSA,0
GAAGEDDDGEDNDEKPRPEPVAASGFEFA,0
VEAYDKLQNDLVSAKERLTKILQSSDKKS,1
PSSFRPSTASTRSVKVYAKEDEEKGSKQS,0
VEDELSGPALRKYVKQRLPGGFAAQRITA,0
RQLLESSKTALDKGKLEDAVNYGTKALAK,0
YSTRLLEGRFKIKAKRKSSFSGWVKSSFG,0
YEQRLEEAAYLAGDKFTIADLSHLPNADR,0
IIDSTTGGFEAGISKDGQTREHALLAFTL,0
MEPIVFAGRDPRTGKSHALHKRVEQLCTR,0
LSYSFGDTYGAAPAKASYAPPAGCPAPWS,0
LAAGMALIAALVVMKLVESLSQRHWFFGS,0
VALVGTAFPILFSRKDTCPECDGAGFVRK,1
GRRWSDGLHQAIEAKEGVPIQNETITLAS,0
TGHAMLHTLYGQAMKHNTQFFVEYFALDL,0
IYAFNEGNYALWDDKLKSYMDSLKEPGPS,1
TASTIIGATTMDQLKENIDAFTSAPRPLA,0
TVDAKGSVAFDAVVKQGENASKIVYSKHS,0
SRADERVDIMYGNVKHAFFQPAEKEMITL,0
KPEEITKEEYAAFYKSLTNDWEEHLAVKH,0
SQESKVLALEESLVKMGEEKESHEGTIAD,0
ESERAERATLVTQEKLQLTSNRNKPVRLS,0
DDGGDATLLIHEGVKAEEEFEKSGKVPDP,0
IREYDSKRLLREHLKRLAAIDLHILSAQV,0
SPTWGNHKNIFNDAKVPWSEYRYYDPKTV,0
GRNVIHGSDSVDNGKKEIALWFPEGLAEW,0
RLNVVPTVTMLGVMKARLVGATRGHALLK,0
PRKKAEQSSEQQAVKNTDFGARLEEASQS,0
AKGNVLEPQGLIEIKFRSEELQDCMSRLD,0
DSALMNPNTRILALKAQIPGTTQDHLQIF,0
MELDDAIHTAILTLKEGYEGQISANNIEI,0
KQETPAAAEVVVVEKADEVVAVEKAVEVE,0
VMHGIFEGGLDATGKAELEEDDEAAGADW,0
GLFEGQLLMEQGGIKVNGQMLTSDGSVYA,0
VPLEQLIDRLVKDNKVVAFIKGSRSAPQC,1
PGIEIDTSQPPVVFKTQLYTLTGVPPERQ,0
FHLKSTSLLRFFHWKSKSDECETGIDELK,0
RVRRERPPELLEEIKGLTKWVPPPVKMTR,0
EVFTSSDGVRPLVWKWLVAFLKKRYEFEL,0
DVEDVNLDFAKVGQKRLNHLVSCDQTEVL,0
PAIISLLATPYLLYKIFPPEIKDTPEAPA,0
NIGPDTPREDWDLSKLIAKLQQYCYLLDD,0
PLAARRSGQLFVGRKPAAASVQMRVPRAG,0
TSGLAAFYEGYYANKGIHIIKGTVAVGFD,0
EVRRQAGAGRMSEVKMGGDRPLVAVIKKE,0
TVKVSGVYHLDDKQKSSVVAELTRRLSTN,0
PFARYVAMNNISSLKRYQIAKVYRRDNPS,0
VMKGRLADAKVVLEKTSDTAEEAAERLAD,1
ARVFGDLMTVLTLCKGLPQAYNRDLQEDK,0
IPSGEKLSVFDAATKYKNEGHDTIILAGA,0
IEVAETENSIFTLEKERALLDASLRELES,0
SEIHSASFCLPSFAKRVIGSKANXXXXXX,0
ELSSSWLAKAEDAFKVGDRIDVKLIEIND,1
TKVYEYILFRGSDIKDLQVKSSPPPPPPP,0
PTAGAALASHMDVDKIAFTGSTDTGKVVL,0
EPAQPLPDEEALPPKPGVYGVYDPAGELQ,0
SVLESESTSGGNQRKLGSILSPGSQKPFI,0
HINPAVTLGLFFGRKLSLVRTVLYVVAQC,0
VTPTFLVNAEQIEIKIAQGAKPGEGGQLP,0
VQDLSISTMFTHHQKIVVVDHELPNQGSQ,0
DSHALTQSLAETVGKLIDQYIDAMDKVKI,0
MYHEAKSSFAHHGVKFSNLEVDLPAMMAQ,0
VLAAPTQKTKLIEAKENDVDGRTYYTFEF,1
ELSKQELYARVEAPKGELGIYLVGDDSLF,0
ANETAVKSFDAEKEKFIREMGDLKRKIEE,0
GVTPAERLLNLYETKWQRSVDPVFQELLY,0
ASAQAWASMVNEMQKGALSTRLGIPMIYG,0
YIDAMDKVKIKQGLKIAMAISSEGNAYLQ,0
LTAPATAATAAIAVKPTPPQRALQASRRE,0
GVTNDLSAVRKILDKHRHPALLLVDGVSS,0
MYDPEGYSLWFCDYKYNDENTVSFVTMNK,0
LRFEQLRRELIELEKRVQKSADNAQKEET,0
LEEREAGKTFDVCFKQMKAFADSITNWAD,1
VCNFASGLIRLGHQKTDRVAIFAETRAEW,0
LSSNGAPDSSIAEDKPDEPEESLIVEEVP,0
FEEAVQHDYVPGFGKKISNLLDRCLSEYD,0
FLTGLKARGTDVFEKTQPDGRTRQVFFFD,1
VQGATSHCLGQNFAKMFDITFENDKGSRS,0
EPSPATAAGAAAQGKKKTVDTRIHWSDPD,0
RVVVKEKGDAVAQLKAAKASKQEITAAVA,0
KSFMPSRNSLLEQAKKMLEPSFGQPGECF,0
VPIRLEIGPRDVTNKSVVISRRDIPGKQG,1
YYNIVRKNVEDFVPKAIMHFLVNHTKREL,0
PLEILLHLPLLAEDKNVPYVFVPSKQALG,0
QTSDQNVSVANVDNKDTQSNDILRFEQLR,0
DADLEAELSKYGQVKEVRFFDEKASGKSK,1
TSSVMKNFVVPKLEKVIDEERKVTHSSLM,1
GLGEAMVGINLSDPKVERFAARSEXXXXX,0
RYLAEFDRLYWPTYKVLDVLQKVFYRSNA,0
ALEEIKLKFIDTSSKFGHGRFQTTDEKQR,0
XXXXXICYLIYCTHKEIIDQILFPYSNVQ,0
DDNEGKVLRVKLIMKEGVKNFNPVYLFDE,1
RLAWHSAGTFDVSSKTGGPFGTMKTPAEL,0
SGSYDSGEGFEKLNKEISEYEKSNKSESP,1
IRVGSNLEVDGAPWKVIEFLHVKPGKGAA,0
SIKYPEVIDFYDYYKGQMEAWDGPALLLF,0
VSSDEYLDLHEVSMKLYTEAIEDTITTEE,0
LGLYDDVLVFDNVEKKVYVIHWVNLDRHA,0
MPIARGEKRSVEVVKVTDEMKAFKAYAKL,1
HALYKGCLADPEEAKRLKDIMLAAAEVAA,0
NFAVQGILEHLNVTKDISDYLWYTTRVNI,0
PAALIGLFSGRNVGKQVVVVAREXXXXXX,1
VADNVGSNQLQEIRKGLRGDSIVLMGKNT,0
SFLFGQSMGGAVALKIHFKQPNEWDGAIL,0
GEKAMQLLESGLKVKEYELLRRNFSETGC,1
DKVETEIRDVVEASKKSPLFSQFIKDLSV,1
PWLAVPFSDSECRAKLNKRFKVRGIPHLV,0
NNVLKKAETRIEELKQLGLEYTVVSVGKK,1
PPRPAAAAADGRAPKRCFRRGADGHLYCE,0
TAEEKYSQSAAEVEKLQKELVALAEVKEV,0
TLPDGQLGWFDGEDKLQQVSVHGLAAGKK,0
LGIIEDATNRNRLAKLLRFESTKSEGKLA,0
SDVWIRPAFGGRGRKLTGTLESHVNGFRY,0
YCSSRPMRIGPASNKKNIGGQQQPSATYQ,0
ILSSPETTTAAHLEKLGFSPSIVERFLRP,0
KPRLRTALEMLRTTKEIESRLEEVSLPII,1
EDRLIGSVDVEASVKSGTTVFQPGLLAEA,0
VPGNALMFGVYEAIKQYLAGGQDTSSLGR,0
HLGASRDYNVDMVPKFMMANGTLVRTLIH,0
DPDEIEEEQRERDRKNRINMDFQNFVNKV,0
LKTPENGVAPYGEVKPLPDITPISLNPKE,0
GRTGSRGQVTQVRVKFLDDQNRLIMRNVK,1
WKQSIALSKKDNMYKDCMETCSQSGDREL,0
YPFANDGLLIWDAIKTWVQAYVARFYPDA,0
APAGKAAQAASAAAKFPTKPAPPTQAARE,0
GTSKQTFPVPLLVGKVGRRPFPVQCSIVR,0
RDEKVKVLQSVNPIKHDEVVLGQYEGYKD,0
HSCARGSPRRQEFLKKYGIFQAPYIEDPN,0
NQAYFFYAFQQGMLKMGQLDLKEGDAGEV,0
ADIEILNTFQLLTAKPVVYLVNMSEKDYQ,0
PEGPAEGFIDPSTGKVRTIPLELMVDGDK,0
INERELGLDHPDTMKSYGDLAVFYYRLQH,0
GGEDFDQRIMEYFIKLIKKKYSKDISKDN,0
AEEEDFEREGPQPFKLAGIGGVSEFFGWT,0
XXXXXXCNDNEKKTKANADGHVNNYVQVS,0
SGYGGGYGGSCTSWKISVLSWVTQSAAPE,0
VLTDAAKGMKGAVDKATEILNKTPDAYML,1
TEQDIERAKFEQVVKRLGKTARYFKNLGT,1
TGAAGDLQQITGLAKQMVVTFGMSDIGPW,0
PTPAPTEALTLLNGKWILAYTSFSQLFPL,0
PYVAKANKLKAEYNKAIAAYNKGESTAKK,1
VFDVDTSFDLGGAGKKFTNYVMGGWWSGS,0
ARSMPTSAALDVVAKNLNLKFFEVPTGWK,0
XXMEIQQQKGVGNSKVVKVEKEESWDLFV,0
IRGYAGLVDLVPSMKAFHWGTDVSIENMH,0
ASMGIYVFSKDVMLKLLRQNFPAANDFGS,0
RKHFPSVNWLISYSKYSKALESFYEKFDQ,0
IGVLEDFFSSLGMSKLRFKPAYNPYTEPS,0
DKHLLGTTCAVGVTKTLFILVATFFLDRV,0
IRMSEMAQDPLEPPKFKHKRVPRASGSPP,0
VGIARLGGSSAFIGKVGDDEFGYMLADIL,0
SQALEAHAASFASFKVVGNENPSTLICFA,0
SDDNYNEAPSAEDWKKVEAACNYLKLLYD,0
GKIHKVPATDMEALKSPLMGLFEKRRARN,0
PRFPEVDAAVMIQVKHIADMGAYVSLLEY,0
YSENHISKSMYAAFKITNLSKPGLLEEFL,0
SSSIFYLYCSEIIFKLLFGILMVVYLPSL,0
YSGVELAATISERLKNKGIVQAINVQTTI,0
QTALMESGFNLPDPKDFASSIYRSVQKSL,0
LTHVNEAMKQEINAKLVKVDELQEKLSSI,0
ISSASHLLITASLPKPSLRPPRLPHPKPL,0
XXMDASSVALYGQLKAAQPFFLLAGPNVI,0
ITEVKETDSIAAVEKDSEISKTESVETAS,1
AASRATKASGAPAKKAAGDGDGDGGFSFG,0
GDDVSPDFYGWVFPKCDHVAVGTGTVTHK,0
TLVGVHCHLGSTITKVDIFRDAAGLMVNY,0
SYANAVLSSFEDPEKILDQAVLEMNDDLT,0
RGEKVGLVGVNGAGKTTQLRIIAGLEDPD,0
VADYMRSMAEEEPEKFQAHFSEYLKKGID,0
IYAVELIGGATRVPKLQAKLQEFLGRSDL,0
LSQEGSRGFASQVAKPTGKDIKVPEALYG,0
VVRHFSSSTCSSLVKEDTVSSSNLHPEYA,0
YFLCAAPPEDTQRYKLADARSFHYLNQSS,0
VKAESNGHAGDELKKNLVELTVKHEKLKE,0
QEEERERRMDFVPEKSALEVEEIRVDKET,1
LVWGMTGWEEYSLIKDPSRALFAIRHPDL,0
TMAINNGVFSWEPSKAIATLKSISIAAMQ,0
XXXXXXMLLAALDYKQAFSTLETSDDNYN,0
RGFDVPSWKKFIGGKLIGGKMDDITVIVA,0
KSDWLSCLDNDVGFKGFAVPKESQGKVAE,0
LDADTLQRYATIRSKEAVSLIEKQTQALF,0
VPTIHQIIIDRHTSKPEAEYPALRFIRSC,0
SAGAETMLTDEMNSKEDRIDQKNVAVKPK,0
ADPDAILDSLTYEEKETGADGQEVTKVVP,0
VPSNVTLTLEEQFIKAKGPLGELSLNYPG,0
KKGGLYTLDVSSVYKYKSTLVDVKVDTES,0
GIGWRGLNRMMERFKDNMEYTKLKPKMAG,0
TVGEGTHFLVPWLQKPFVFDIRTRPHNFS,0
DLEALGIRETSVLDKLKSAEEQLEHKGKA,0
CQVDFYDPGAAASCKEGMNGHLFNGRPCV,0
LQIFKACLRKSPVAKDVDLNALAKYTQGF,1
YEIAAEYEGKHDSQKLDELGNMLTSLDPG,0
SMLGVITIRAFAETKRFIQTNLQLIDTDA,0
AFLCRQTDLLVAAAKTGKIINIKKGQFCA,0
FEIIGTSSIKITFDKTTVKTKGNLSQLPP,1
RQVTVDRPDVAGRVKILEVHSRGKALAKD,1
VDSIVTLISEIPDAKEIGLLYLCEFIEDC,0
GLYRVVHGIDVFDPKFNIVSPGADMSVYF,0
VQVNIGNTDQLVANKSITQYVDVITPPEK,0
SPSSIVERSLLDSTKPHMESNSATDAIPE,0
ALESGNIQIAVASAKEIDDKDHWYRLGIE,0
DVFYLHSRLLERAAKLNSLLGEGSMTALP,0
IMNHSPDAWDHMQFKDVAVKVANVELYYK,0
RSNYLMNTSIAGLEKADVFLLVGTQPRVE,0
SAAKCHLLAAWAPAKPRSSTLSMPTSRAP,0
YSFGVVLLELVTGRKAIHRQEGGSGSPRN,0
IATAIFANSPFKEGKPNGYLSLRSHIWTD,0
KSFQQAAKEFETELKKESDDGGDQPPPPT,1
EFTELPVNVQKGLFKYLEQRGITLPTTNY,0
GEFDLPPPPPPPPAKAEEPAKEEEPKAAE,0
KEKNPKNKSVAAVGKAAGDRWKSLTEADK,1
TVGDISLDDIRLFAKEIVEMEIERHAADG,0
MENPRMVFLTPTVIKGDAAGAQVVAHELA,0
LELQEVVDFLKNPDKYTALGAKIPKGCLL,1
LEAIRISCAGYPTRKTFYEFVNRFGVLAP,0
SGKVVPGFGHGVLRKTDPRYTCQREFALK,0
KVEPSKVTPNAHFQKDLGLDSLDTVEIVM,0
RALTRKGTALAKLAKTSKDYDIAIETFQK,0
NYSDGNLVATLLAHKLGVTQCTIAHALEK,0
GDVKGKVEAKLTELKDAVAGGSTQTMKDA,1
EVTERIVKVVRNFQKIDDPAKVTPDAHFK,1
EAELQVLLEQVEEEKQRLTPVRDQGVTFT,0
PYYFPLFVTENVLQKEKDHIEGFAPEVAW,0
EERQEHIMLTAQLKKEIDEYRMRSNSLSE,0
AKLPITPPEAMTVEKFKSIMAVDKKVADG,0
GKYLLELLKMDLKPKDIITEKSLRNAMVI,0
RGRIVAMRHGRRVPKLSRPPDQRKALLRG,0
EIKGTIEALNNQREKLQEQRKLLHSDREA,0
YWGNKIGQPHTVPCKVTGKCGSVTVRMVP,0
RSQCAPVVFNVEQGKTYRLRIASTTSLSL,0
IVQHYIDKGFKAIEKLLEGSNFKYATGDE,1
VEVVGSGSRVPAIIKILTDFFGKEPRRTM,0
SLPAIRAAEDRQLFKQAMDRIGLKTPPSG,0
TGRPNAQAISPDGRKVDAAEAFKLAGIEG,0
ARGDQLVRVQVEIPKRLSSDERKLIEELA,0
ASAYARLYDYDRMRKVCDKQKAILLADMA,0
SRLMRLPFRIYRHTKRKNLLISAKKTWNW,0
FYGMNHGGGYDLWRKTAALATPFNFDEVD,0
HSEFISYPISLWTEKTTEKEISDDEDEEE,0
AEMFQYVSTLRGMTKGRASYTMQLAKFDV,0
DLKESFKELTDWWKKALDTESVDSVKISN,1
ELKERDEKYVELDTKFQRLHKRAKQRIQD,0
PDEKGWRTYRRPDDKSGGHGVGWSPIIPY,0
MREHGGITKEEAYAKLRELVEESWMDIAG,1
AKKALEHTKATLKIKEDDINKRLAELHLQ,0
MMGVVGMVAPELLGKLGLVPAETAIPWFQ,0
ASKLIYAEDRKRTLKQIDDFFNKKVAPKE,1
GIAEDIVFSMPCRSKGDGDYELVKDVAMD,0
GVHVDNGRVAGQAKKTLREIIEKYNLEVS,0
WIPDSDVITQVIEEKYPTPSLVTPPEYAS,0
YEAREATKDGGRMTKEQYGALRRKIGGTY,0
AARSYSLQDVISFDKPGITSIEGYGPDNL,0
EPKKEKEQPKAPEPKATKTEESFLSEDRT,0
WPEPAEYTHQLGVLKNRYYDLIISTKLAG,0
ESFWDGKSSAEDLEKVATDLRASIWKQMA,1
ALDLIFEEGLENVIKRHNRLGTATRLAVE,0
PVQLQQHSLSAARAKKPISFRAVAAAAVS,0
RGLDQLSKDDFYQVKRRGFSDTQIAFATS,1
NGRGQFECTLGPARKSFEKLLNENVETCV,0
RGVRLHFDRFISELKKSDLEKAQLGLGHS,0
ETNYVQGQFLDGVVKNSTRAGSFVTLPDG,0
FTDAVDIILRNNVDKRTALENLDLILLCL,0
RRLDQILRSQEPGSKIIIFCSTKRMCDQL,0
VTKDGVTVAKSIEFKDRVKNVGASLVKQV,1
TCIDDWIVQFARLFKNHVGVSSDEYLDLH,0
SGIDSVVLYSPRVFKSAGITDDKHLLGTT,0
VPMPRLRKRIANRLKDSQNTFAMLITFNE,0
NLLLSAAKTLGWDPKEGESHLDVMLRSLL,0
ELTRRIEELELEKEKLVKGVTEAENKQNL,0
GADCCVLVYDVNSMKSFDNLNNWREEFLI,0
SSVDGYDTNRRQAVKKAAQGLNLKNESVM,0
LYGKIRYVQDYSHEKIVSRGPKKYAEDVE,0
TNFALELTYNYGVDKYDIGAGFGHFAIAT,0
PSRVPEGTDGAVLVKNLYLSCDPYMRGRM,0
YFLELLKGESEGLLKLPTDKALLEDPSFR,1
KLIAGSSEGGAAVFKLQYNGQPACLAQSP,0
DGTLRPIAIELTRPKSPNTPQWRQVFTPG,0
WLWCTTDDSVYDAVKSMTQHNVGALVVVK,0
EFRELARAAGFTGFKATYIYANAWAIEFT,0
QLLETDPILNKVEEKAPAAASRATKASGA,0
PASESGRVGPTCFFKFGNKDAEGAGIYGS,0
MALPNQGTVDYPSFKLVIVGDGGTGKTTF,0
TFNVEIGITGAILTKLDGDSRGGAALSIK,0
LRIASTTSLSLLNVKIQGHKMTVVEADGN,0
SRSEPVGLGGGLQPKRRSRTAKPPGSSSD,0
EHHRRDGFEVGNADKIFESTSNDQLTRRS,0
DQTRLQGLLFQMADKLSVLVESNERAYEA,0
AILRYIQRSGAPTAKIAFRATLLNTKPAP,0
ASDSKNGAKPMDVDKAKTKRKLYVGQELE,1
SSSNAGESSSMDIDKADSSVPKKHLTGIY,0
QLVMKKSSAHDGLVKGLREAAKAIEKHAA,1
DYILGGQLDGSSSTKEEFLEKFKNAVSPG,0
DKITLSSGRFLLGNKMSALSYLRYGDGVD,0
LISGFTGRTPEQVEKDIDRDRYMGPLEAV,1
KTERYKEILKSGTVKPRPGVLRLMDEVKG,1
FQRREHERALLNYEKAIKLLPRGHPDVAY,1
EDDEDDSEEDSEEEKGKTWEELEREASNA,0
NGQPACLAQSPQLYKQMAICGGFERVFEV,0
KEAIKYHSMVLNISKLTGEDAGVTEAYGA,0
XXXAEDLGGASVHCKISGVSDHFAQDELH,0
AIREICKAIDGLVQKCGKKKMFDAIDLPP,0
KSGFLINSCRARSLKVKAKMDSGDGLTRL,0
XXXXXXXQGNLLSLKDLLDNRKQRILSTI,0
ARAIVQAVTHYSDPKILAEVSSGLGEAMV,0
LIKQEERETGVISAKVLSRYKNALGGIWV,0
LFGAQSTEKKSTDAKKESGKEATQFVRIL,0
FAIGDSAALRDPSGKLLPATAQVAFQQAD,0
EEQLKAFQELIDEGKVRYIGVSNETSYGV,0
GVADVLFGDYGFTGKLSRTWFKSVDQLPM,0
EIEHFVDPEDKSHPKFRDVSDLEFFMFPR,0
EELVSDPELTDDYLKLLLQQVRQRIQSAS,0
QHPIFNIEDNEFSTKSKGPLKFYNSEIHS,0
DENGVFIYTTLNHIKYCLPNGDSGIIKTL,0
LFLTEMVRGLMLTLKYFFEKNVTINYPFE,0
LPKHANPVLLSSDLKKKAETVDRFCKPIM,0
AGAGDHNTTNYNLRKPAGVGSMSMNKVSM,0
EKVKEVHQRGGYGSKGYGYDWKRDEAEKN,0
DDVDAANMHMEAFQKLIYVSNLVFGDAST,0
AQRLRGRVGTTVKVKVLDGTENERNGRIR,1
FVGVANCVLKIDTTKVGRGMDFSREEPLK,0
LYKRKEGGFGLIVPKGDGHLHKETIPNSD,0
NGASATSSAEDALNKRLEQLVNSHPVFLF,0
DEETPDRTVLTNAWKSWLEEHITATGKAP,0
SARPLVRRAGSRNGKLWWAGGVRKARLLS,0
PLIEQAFQKRLEVEKILHEQEQLREIELS,0
IQQNSEAEISTGNLKSVQLTEEERRELGD,0
QEGTGRVFINFRDAKEYLQGNPMWMEYCK,0
SLLKSYQEEVDNLTKRAKFGENAFLNIYQ,0
LSDEIYEHIIYQPAKHTSFASLPGMWDRT,0
EMLQQHSSLKTIKKKLIRKALDMIRKLAE,0
TKKMLANEGISAFYKGLSAGLLRQATYTT,0
FSGETVMGNNVFEVKVVDPVDMDREQRPS,0
GLRANSVVREPELQKLWEENQVLKRVSER,0
VTTGEEDEEVLLDMKSKLYRFDKEGNQWK,0
AVEAQLFEEAFAIFKKFNLNVQAVNVLLD,0
PCGMLVQGNQINFTKLYLHHTPAGPEQNQ,0
ASKIVYSKHSDLVPKIATADSEATADDEE,0
PQDTRYRTEDVTATKGNEFEDYFLKRELL,1
ANNQARVVRRDNGAKADIPTADLVEKVNG,0
FLTKGEDPYDDSVIKKLMHPNLKLLLVTE,1
KFEDPAEGEDVLVAKFQKLYDDLTTGFRN,1
PESQGFIMKETNLVKDLRSAGLAIYAQVF,1
NRFQAQICHEWSSWKNGMVSKLATTLLYI,0
TDEYMKKIEAIQKQKEQELMKIXXXXXXX,1
QIFSKTTQALFYNYKQLPIQRMLDFDFLC,0
STGASFLEAPVSGSKKPAEDGLLIFLTAG,0
PVVVRLEGTNVDQGKRILKESGMTLITAE,1
ARDKPCVALFSSKEKARLFLPYLEEKKGC,0
MHIAQGIVKTINVNKMVRAGCKVKIWIAD,1
TLYQDAHVPDNFIPKIPLADGKNYEPHRC,0
VPPEKFRTVCSSIDKLDKQTFEQVKKELV,0
LHIAVDMSEPGPEGKKRPLMEVQIRTKEM,0
SSIGSRFKQLSKSNKAVPLSQNLQLQSLM,0
MSEDASVGASSSTVKAGDDPEATIEINIK,0
PLDTVVEISNLNLGKLYAASIMYGYFLKR,0
NFLLIWCSQAENQKKYAEFDSRFKSSQVL,1
TWKTNESLFPCELSKDALSYVKESVEVAV,0
VASLPEVDAPLDPVKELSRLISERKFDEA,0
FFWNGNRSGYFDETKEEYVEIPSDSGITF,0
ELVTANGYKAAFAVKDGAEGRRGWLSSSL,1
AQVALVPGDAFGDDKCIRMSYAAALSTLQ,0
TRTINNFAKKSKTLKDKDISLSGEHVREG,0
IPTVAAANELYKVAKSLGLADQDFSAVIE,0
LPDGQTIEVGADRFKIPDILFNPSLSQTI,0
FTAQPTLSTLYRPKKDGDSDVYGDADEQL,0
FVKSPFQEYTDLLAKPTKALMIDAPVENV,1
VHVQTSNGKKVKTNKSKVFPKDMEAPPGG,0
GGFKDGDEISLESLKSRGLINPSGRERKL,1
WVQTDRKSGGLGDLKYPLISDVTKSISKS,1
VEREQQEETTAEPLKMNIMPNSEILTASX,0
YFHENASFATAVGMKPSPVVEFSGTAGAQ,0
SLERLCEASKRMNEKKEALERALERAERA,0
EEEGKTRKSRTEQAKELLAKYGGAYLATS,1
SLLNPAAMRGLSAAKPRVVSSRRIVRFRV,0
LIWDRALGLPLERPKSVTMEWLENHCKKV,0
QNTLEEIIYCWIIYKFMENDISMTPALAP,0
TYFDIRKGLDGSLDKAIKVLCDEADAAVR,0
FAELMGRQAGCSRGKGGSMHFYKKDANFY,0
PGDIREREVEDLFYKYGRIVDIDLKIPPR,1
IIGNNGILFTESALKGSHFIELCAQRNIP,0
METSSFLRTTLPTAKPLPAFQTLAPRPRP,0
LNKMKKETTQELEAKLDEGRRRVEAELVE,1
PVPVMHSPPRPVTVKDQQDWKIPPCISNW,0
IYSDADEDMRRAMMKSFVESNGTVLSTNW,0
EASEQAEASTSSIPKAGRNIRKSEMPPLN,0
VESVLHSAKNEYASKAEVHHPEILVDHDV,0
NLTQKETECQELSEKLKAAEEQAASYQAK,0
EVWGHLGKKSHSRDKDGELGDDVFDEDLE,0
EAGAEYEIVPLDFSKGEHKAPDHLARNPF,0
SSPPPSAPKSPVEIKIDELTEERKKLIKG,1
VGSLSAEWLAEERTKVVGTFPPKKKGWTG,1
YERPPAEVTVVESSKETSLIDSSVVGPTK,0
QTVEATADDTEGTSKAEEPATGSKGASQS,0
ESSIASYNVACCYSKLDRIQAGISALEDA,0
GGYNGRYSNEVFALKLTLKSDLQSKTKEH,0
GAAAGSVEEVKNTLKNVFPSEKEIVVKSQ,1
LHEGLKHGLKSELEKASPSLGRTALYTRE,0
GGARIHYIFQSIYVKSLEDVDPCEDVTDE,0
KNGGLAPGGFNFDAKLRRESTDVEDMFLA,0
VVSSSTAAPAAAPEKTSRAGSFSFKSGPP,0
EALLNDEFYIGLRQKRATAQEYADFLHEF,0
AAGGGGDGAAATGEKRDKSSLMLRERGRF,0
NQWKERGTGTVKLLKHKETGKVRLVMRQA,0
LRINTDRGVMIGDGKSRFSINGKPIYHFV,0
EIGIIAGVPVSINGKDLSPASLLAKLNEI,0
PDDPAAVSRYAQVMKTVRQKADLLSDSER,1
ADHGTVERAEVMFDKYTGRSRRFGFVTMS,1
GYSLPWDQIGYWAVKIVTGVPDAIPVIGS,0
FLGPPASSMHALGDKVGSALIAQAAGVPT,0
QERPTRRLVDDLKKKVQILQAVGYNSIEA,0
SLHKRRQALAFIYEKHIVHALFAEVADRR,0
PAHASLLTAHLARMKESGELIFLKNNYFR,0
ARTPVAALRSSASLKSTFLGQSSTRLARA,0
REDYSTPIDVVADVKTEKIVVLGGSGFVG,0
NLAGSRNPSLDYGFKGTEIAMASYCSELQ,0
LSDHILRFNNIPQVKMMVVLGELGGKDEY,0
DEGCEAKLRLDEGGKPYVTDNSNYIVDLY,0
RILIDDLDICTIGLKDLRMKLSIIPQEPT,0
DTAAPFESVREAVTKFGGIVDWKAHKAQM,0
NGRGQVETEETLQVKGHPRTFAIGDSAAL,0
EKSMCDGTSSAESQKFKPSAVQLPQGESN,0
VSTTNRNFPGRMGHKEGQIYLASPFTAAA,0
KCGKLLNSTELVNPKCKACHVCGSTPCVR,0
ISRFEKKGFYLRGMKFMNVERSFAQQHYA,1
ARYLVRIGEMRESIKIIQQAVEKIPGGPY,0
SNNGTGLFQTIVGLKIRDLYEQIIAERAG,0
NQPARKQRRRIARQKKAVKIFPRPTSGPL,0
TNDEIAADLKEHVIKPVIPDKYLDEKTIF,1
XXXMDGIKYAVFTEKSLRLLGKNQYTFNV,1
YGDTCTFFLDGIARKIASAGYGVFALDYP,0
PPHKAARGALWKYTKLVSPASRGCVTDEX,0
NNLLVKEHTHTFVNKGGTIGELDFRFPVG,0
QPEPFVAAKYSYGKKELSDSMKQKIRAEY,1
EPNNLTAIDVGDRVKKAMDEKGIVMDDKE,0
LLESKLHFSLRNLPKAKASLTAARTAANA,0
LSCGLSFEVVEEILKAVEDTYFRKGIFDA,0
PEFLTKLQPLMNRIKEIGESYGKNPTQVS,1
EDDQDGGDWVRHTNKKDKLMDKQFLKDPS,0
IRMLQSYLGAERFQKALASYIKKYAYSNA,0
GEHGGEPLSVAFFAKAGLDYVSCSPFRVP,0
FVGGFSYADVLDSAKGWAASIRFNQPLIQ,0
RLNRPSIMIYGGTIKPGHFQGNSYDIVSA,0
DKGLKKSLYTSARLKKGEVIYLETHYNRY,0
IATGLEREELAAELKGEKRFDMDPPVGPF,1
KERIGRLLEMHANSKEDITVAVAGDIVAL,0
LSSEGGAANDTSDSKENVSSDGDANKSSA,0
LLHQIRQNDRLAISKMVSGLTRGSVRSPL,0
IKAAVNKCVTNVAKKSLTLAMDDDDHLLA,0
LVVFAGEEHAFFGVKPMSAATGELVEVIR,0
PSEWRQWDTFDNIYKLDGVPVVTVQLRYN,0
LRELQEQFDSTHAEKEEVFTKLSAHEKTI,0
EQVWNSNCTLRDWLKARANYSSFDKLKWL,0
FPQTVELRRVRREYKAKKISEDEYVSAIK,0
MGDLKRKIEEIQVSKEAAEEVGRNKNAEA,0
DYLEIALRPLEGRGKDISSKNEIRESIRA,0
LTRPPPGTVQCFGRKKTAVAVSYCKPGRG,0
XXXXMFGGGGGGGRKPLDYEELNENVKKV,0
RFQDGGRSRTGSMAKGGGDGGARMLTVXX,0
SNRLSDTPCVVVTSKYGWSANMEKIMQSQ,0
KYNITLEEKQLLNEKYESAKKELGEAIAK,0
CDRYCRLALPAGADKDHPLVNPFGPASRS,0
VAQQEAERSKFLVAKAEQERRAAIVRAEG,1
RSSSYSSAGRRGAAKRTDYRVMVTGLPSS,0
NPLININNAGSFNVKRRWDDDVVFKNQAR,0
AAAAAAARSLETGTKLHISNLDPGVTVDD,0
VLPTDIPATWAAMEKLHDSGKARAIGVSN,0
DFDSHTGDLEEISRKVFSAHFGQLSIIFL,0
RLRRQISTSRSQKAKTLPNTNASPEVSQA,0
ENVVLEKMGLDEYIKDVSTDDAAEQASNM,0
VSVLEMAFAGNCGVKLNIDSEDSGLLQAL,0
ALETYVFAMFNENQKTGAETERHFGLFNP,0
DEYLMQYLMDYEDKKFQNVSKEGLKLGKD,0
KKEVKKETKLGMAYKKDDNFGEWYSEVVV,0
IYGLMAFSYLINLPKERRHLAHLEELERQ,0
PGGGAVGSYLGMTGKRISSPADALFFGLG,0
TEAYPFTTERINELKEQEKAAKDNQTVQS,1
TVGENWYIVGGGNNKSGVSETLVLNMSTL,0
NDLQGKAANKAALRKQLNLSSTNASQPLV,0
XXXMASLKELLPTPKAAASTFYDHSSDPW,0
AVVWIENQLRENKTKELILNYANQLCERL,0
ATTTSFLPSALSARKEGAVKDSAFLGVRL,0
SGVRQERDPIERVRKLILAHDLATAAELK,0
ASEHERYLTEVIFKKPVIVYNYPKEIKAF,0
AWRYIFLFETITNTKFEIPKTQEPIHERI,0
VLAVFNSWDSPRAIKYRSINKITGLKGTA,0
VENELKRAAELNESKIQKILLEKKQLQKE,1
ELFARIDAVDASTVKRVANRFIFDQDIAI,1
EQDQKLSELETENRKMKLELEEYRAEAAH,0
SNASCTTNCLAPLAKVIHDNFGIIEGLMT,0
FLPILPVTNVIDLAKPSSVWLNIEHDIFY,0
GPQLYMIEPSGLSYKYFGAALGKGRQAAK,0
GDDHLPFLEIFQNAKLMASPAQVERSSSS,0
LIDKYDLYGQVAYPKHHKQSEVPDIYRLA,0
PAPAAAPPPPPVEEKKEAEPTPVPVTVGA,0
VAIGADGRTVARDAKTPLTAHGADAFPFT,0
DKLLVSEELWPLGEKLRANCEETKQLLLQ,0
TTEPIPDVITNAMAKRAHALSTVDGYSGY,0
GIINQLGPDNMEHLKRIAEEMQKQVAAAG,0
IHMDSILPDSDLPRKYVAYSHCFRTEAGA,0
RRQTAAAVTQAPGEKRYNLRRTTVANAAT,0
SRGRDRRSRSRSRSKSKRVSGFDMAPPAQ,0
ELGVIVAVEQPEAEKLLPQLPTIPAKPKK,0
GTGAAADDDAVAALKVKLLSAVSGLNRGL,0
DAQAGVTPNGSPVIKPKSDSALSSQNGVL,0
PPLLQYFGTLLTRGKLNAYESLELSRLVV,0
MRSNSLSEETEDLRKQRQKFEEEWEQLDE,0
AGVFDEYLEKSKANKELNDKKRLATSGAN,1
GRGPSRSSNELVAYKNVNDVPYARELVIQ,0
RCGALSIARASASAKDGVTVRRFPAAPTE,0
REELGCVFLTGEKLKSPGEECNKVFLGIS,0
QVASAYRNNEHYLSKLAGVMKVEYRIALR,0
VITGASSGLGLATAKALAETGRWHVVMGC,0
DIQPIVCDNGTGMVKAGFAGDDAPRAVFP,0
EHPDPVHNLTAIVTKRLRIEGFIVSDHYA,0
ILLSGVPPFWAETEKGIFDAILQGEIDFE,0
RQFNGLVDVYRKTLKSDGIAGLYRGFNIS,1
DHTTRLVLGNALYFKGAWTEKFDASKTKD,0
ERFIRRFAGELAHPKVSPELRAIWVNYLS,1
AANSGARIGIADEVKSCFRVGWSDDGSPE,0
AALSTLSTASVTSGKRFITSSFSLSFSSR,0
AGEQFSHQPAIELIKKWYSASHAAEWDDD,0
LQKLLEDHNVKLESKRRDFDLQLENEKKS,0
RFRPSPADPPPANAKKGKGSSGPTQFVHT,0
NKGTVEIITPVELIKKGDKVGSSESALLA,1
QGLVKAVGVSNYNEKRLRDAYARMKKRGV,1
IATYANARTTLEARKGVGKAFITAFRSGA,0
EILGYLLYVAKVVAKQEGLEDGYRIVIND,1
NALENYAYNMRNTIKDDKIASKLSADDKK,1
KEESRGNEAYVASIKEYRSRIETELSKIC,1
DAETYHPRICWHSHKQEILFVGVANCVLK,0
VRPVAPLLFLQTLRKKYPQFAQQQNNVYM,0
PASARRRRRVASPVKAAAAAAEPAGEEKK,0
VDPHNQNEIAEALYKLVSDKQLWAQCRQN,0
MVVEFYAPWCGHCKKLAPEYEKAAQELSK,0
IAMEGATDALIQLIKDHGRWVDPPVEEXX,0
LTVSTEQERESFAEKLNEVQDWLYMDGED,0
EHPHEAQKPVPLPIKDKRIQKSEKXXXXX,0
GAFFFLINGPEIMSKLAGESESNLRKAFE,0
LETLQSAAVAGGGGKAALLTPAEVADKLP,0
ASLTTLESLEAIVGKDKLVVSTSCSLMHT,0
ARLSAVYGGTYMLNKPDCKVEFDMEGKVC,0
VDATDAEEFSEVCSKPLRSLPYDSPGQIF,0
EEVEVPVAATTEPPKDSAKMETDDAPNEA,0
YDVQELRSIAPADMKQSFDIRQVIARIVD,0
TSFDVKIEKYEAAAKIKIIKEVRAVTDLG,0
DERSKDAHESTGENKTEPKTEDKFRDKDR,0
SVGSKIFSCFTTFLKSKDPNDGSEKALLT,0
MKYARRSVSDADIRKYQAFAQTLQQSRGF,0
ANQWNRGWGDDGYFKIIRGTNECGIEEDV,0
TNTLERRLFYVPSFKIYGGVAGLYDYGPP,0
VEPVPQHCISPGEIKLVFCQAAMVAGEPE,0
GLFDYIEGSTLEGTKVRVYTQVGKSNQGK,0
SDVSDVVAADEFEYKDPVDGSVSKHQGVR,0
FTPDAEGGYTVIVQKTRKVPANEEPIMKG,0
KSTAEELLDKELPLKFVEVDEEQGRLVLS,1
FQKVSDQVPFLADLKPSGKYVMEDLHKIG,0
NALAATSLPFLHGRKSGGGGVSVHAGAPS,0
PQDWLIGAGEVSGFKSVTAFYPDQVADSN,0
YKRLRRRISEDVLAKEIRAVAGEQFSHQP,1
ISTIDVMNSIARGQKIPLFSAAGLPHNEI,0
TGNIWIGVTRADGEKCERCWNYTRDVGSF,0
RYYADGEWRVSASGKSVAIVNPTTRLTQY,0
FSYDNCARNAMLVEKGLKMPGFLKTGTTI,0
RLRPTEDKTEEDRSKVDDLRGTPMSVGSL,0
KIDSMRILDNSNPQKPVVRMANLCVVSAH,0
SGVLAGLYGTSQQEKKALESVVSSMESKL,0
AKQGVKPGELAIISKESVAPYERPALSKG,0
LNLVKGRGGALLREKMVEAASDKFIVVVD,1
KGQTVVLSTKITQLKPKVEVTEGDAMEEX,0
LVENATEEQLGTARKVTIHQTTTTLIADA,0
EKAIAELNSVKEELKTVHEQYVTLINERD,0
QRILGMGDVLSFVEKAQEVMRQEDAEELQ,0
VTDECDPYFDQVGCKHPGCEPAYPTPVCE,0
KQLKSGLLLITGPFKINGVPIRRVNQAYV,0
QRKALLRGLTTQLLKYGRIKTTRPRAKAM,0
ALRERRMKVTHADFKKAKEKVMFKKKEGV,0
ARGPRYAPPDPTLPKPWRGLIDGNTGYLY,0
QEVALENGLILVDTKYEFGKTADGTIMLI,0
SIIPLEPVPERVKPKYNYEELYKDPQKFL,0
PQVHPYVATGNKTSKFGIRNEKLQWFLDS,1
AVEEEEEAKVVEPVKEVEEPPRQVKLVFG,0
PPERQKIMVKGGILKDDADWSTLGVKDGQ,0
KNRQGPGVVPYVLLKPSYGDPKDMTSVME,0
DGILGLGYPEISVGKAPPIWQSMQEQELL,0
KERELEEKENELNRKMDFVENELKRAAEL,1
FDTYATTEESMMLAKAIYMCNESATVLLP,0
TAIISHRSDDGRECKTGYVRLAAFSQTAA,0
TSLTPTFLPAVPCPKPAPPASACFPCALP,0
TSGVDMPGADYQLAKMLGLRPNVNRLMMY,0
GIPPDAMEPESAIYKKICSLAAEFKSGKL,0
SEGNIWKMFEGASLKALIIGGGLVLFQQI,0
FRALPSPGFPGWRRKRGSGLVVRAEMFGQ,0
RDSNIVDVSSYGELKEAIAEGKWARGPWS,0
MGGWWSGSSTMTVNKNFVQQVEEKFSKDT,0
AVFRKSLRLTNDSRKKFASGRITNLISTD,0
DGELYSKKLANFIEKRLKSEKTASIWTST,1
RRNEELIKKFEGAEKKIEQLQDTVQRLEE,0
HFGREDPDFTWEVVKPLKYEKASSXXXXX,0
LNVFNSIYSVLQDLKKDGYNVEGLPDTAE,0
KDDEYKEILRQKLQKVDDTGLIHVYRKNL,0
APTLTLTGRKKEADKLQTADGWAKFTGGF,1
IVGRDPAGMGHPTEKRDLYNPDHGKKVLS,0
NLKVLKLPYQQGGDKRQFSMYILLPEAQD,0
AADGAENGAPNSEEKSVPMETDAKVEPSK,0
EKRVEELTWRLGLEKRLRTDLEEAKAQEI,0
GDTPRRSARISEKVKAFDSPEGEKIPKRS,1
AKMSQEKLQLKAQVKELEQASRSLDDSSA,1
KSLDEMNRSALSLSKELEETNSRKDTLEA,1
XXXXXYYTFDRALEKAVLYAVGNTLVCDE,0
RAACSDLEMIRRLKKEAEFLEASFRAKTE,0
TAAGVAMALSEVPNKQTIAGVRVGMINDQ,0
DERQRATAEALGAMKVVKLQSWEEFFRGN,1
DSCDNFTAIRRNRDKIVLCDAQASSFALQ,0
TLPTTNYMHDYMVTKQTKEYVGWMTKLKD,0
LAQIAQQVQNLTGAKNVRVKTRIDPELIA,0
LPNVGKSTFFNIVTKLSIPAENFPFCTID,0
LGAAVGETPAAVVAKCRYTIAMLSDPSAA,0
SRIALGRDFLCGVVKGNASAMTCFGGGMA,0
PYEWYLDLRRFGSVKHSGFGLGFERMILF,0
YNVVRCEMEEGADGKLSRRYAAAPVCKWL,0
EGAILEKTIASIKSKLDTALIPAARKADL,1
PALDTSSRLFELVFKRLALGDNALPEAGI,0
IRQAIAKALVAYYQKYVDEASKKEVKDIF,1
DIINNALKLVVSLCKPKAKIVDICEKGDS,0
GCPPKPEAVIDALTKLLGLALNLRAYDFV,0
MNSTLQCLHSVPELKSALLSYSDNVRGNG,0
GTVISKSEGAEFTVKDGFFCPALAKAVKT,0
LDEEDMNSITEASNKGRNLMDIIGDCGDE,0
LNRKRPSVLALSRQKLAQLPGTSIEGVEK,0
LEEVEARQRRLEKEKLYFENERKAGEDRI,1
EELLEELIAIARVTKGKKPLKIDLTPFKE,0
EKGFPISVYNRTTSKVDETVQRAKVEGNL,1
GRIDRKIEFPLPDIKTRRRIFQIHTSKMT,0
IQGFPTLKIFRNQGKNIQEYKGPREAEGI,1
KASGHVDKFTDLMVKDEKTGTCYRADHLL,1
KQKKDTLKARAQSAKTSTKVSEMLGNVNT,0
MPGLDNDNWEVPRSKSMPRGDSLRNQGPL,0
AVVVPPYIDSAEIVKHAWKRYNLSLGLGL,0
PVLHGISFIINGSEKVGIVGRTGAGKSSM,0
ALEHVNVAYAEADAKVQDLTAKLTQAQQK,0
DDDVVFKNQARGETKTPKRFINDTIRSDF,0
FVCWELFDEQSAEYKESVLPEAVTARVSL,0
NVDICYPPVFQSGGKFDLKPGASSNDDYL,0
MTETCGIISLEYPEKGQAREFGSTGTLVS,0
DKTKVTVTSDGPFSKRYLKYLTKKYLKKH,1
DFLSVILELRSEVNKILESARTGKLIGSS,0
MRFYSRPLILQNSDKRAVLRHATIEEIEA,0
GFMVGSKSEASGIAKAGAKMVMAVSCSKV,0
SLLMGADYYETETDKKALSETGGIPIGIG,0
MHTEQPSIEAVKIAKSMPRICIFSGLTGE,1
MSREVQLVSFHTVSKGYWGECGQRGGYFE,0
QDPNTRYPVVVRFAKVNYAGVSTNNYALD,0
CSSSCYYPGAYNERKCQSNCGMPTQNWYH,0
QETLHDMQQQVEEAKAMIVKEREAARKAI,0
QSKTHTQSSEDTSQKHSTKPPSTKENKVE,0
DASLEALPVDELIEKADGFAGVFPEHKYE,0
RKLAEDNNVPLSSIKGTGPDGRILKADIE,0
DGSHDIERCAYVTEKVLAACYKALNEHHV,0
LGIVCASPKALEASKTAKSVRVFFDWKDY,1
GRILDLTKKGVCVLKNCSMLVMDEADKLL,0
EPEERLDVLTAGGEKTGASKARSEVHRDG,0
QRRSQDVDLGMVEVKIQKLMPELGFAPED,0
KTNMASVLLEAGLAKLSSFGLDRIPDANV,0
GLDDVMKGAESLMEKKGGGEESAGSGGAA,1
ILCSPSNPTGSVYPKELLEEIADIVKKYP,0
ADSLTALAWVGFLGKDCGMSFPTAHVEES,0
SHTCLLSGVFIGDAKVLVRLSFGLSGPKE,0
ASQRRAAGLAAEAVKYAFPPRRFEPRTLE,0
SSGPFVYYPTPPATKDDAGNSSDHEKPNA,0
ISGAQRIHLPELLTKRATECGIDASTISS,0
FLTTNPFYDSRVVGKYCEKRDPTLAVVAY,0
EPAAFAALVPNSADKILGEVIEEIMGDHE,0
LTEEERRELGDIGLKPYKDYVSVSKGWFL,0
DVLEREGFQNLACIKSGLQTLKPGTFESV,0
VALNLDLAQVRQFVKERLGVEVEMGGCKA,0
KSLESLSMAIRFALKETSHYTSSEGNMMH,0
ILQLSKNGLERRGYKEVGFLREVDAVISS,1
STEAQDASAEQMSGKAESQMAYSQVHSTT,0
TLLYGGIYGYPRDQKSKNGKLRLLYECAP,0
MTDELRSFLELNLPKPKEGKKAKYSLGVV,0
PEEVVAAAPKQKPRKKKGRKAAAKAAAAA,0
LLRDFYLDLVENDRKITPRDYLEIALRPL,0
GGIAVSLFLLAAYYKILNSFPFVAVGALL,0
LLHFHLHNHIMVGNKKTKDVQFYVEVMDV,0
NATGHEDPVFSSIAKDMHERFDKYWKDCN,0
YSSRGPAVSCPTVLKPDIMAPGSLVLASW,0
ALLLLLLTTLPDPAKKLQVNADDSTDELV,0
KYNVVRGSYKGREGKVVQVYRRRWVIHVE,1
YSEFNHRFQELGLEKGWGDCAKRVLDTIH,0
VFCTTYDLRADEKTKSWKSLVNVAVSGAA,0
CIYGGLRIGLYEPVKSFYVGKDHVGDVPL,0
SGGQDLDVLPQGAGKGQALAYLLKKLSSC,0
GLEHEVVPGVVESLKVITKFCSERIAKYA,0
FVKTLKNDGPLAFYKGFLPNFARLGSWNV,0
VRRKAKVINIAELEKQGLMFAIQESQKDL,0
GTESTSELFAASTSKRRSRGPVMAAKKAA,0
TAEPTPEGVRWTVRKDVTRYSALLRSPPG,0
APAPRRLLHDHAQGKKRAAATWSLKAGLW,0
LGIAFSIIGEIITGKGALAQLNIETGVPI,0
AAKKYDLEAWFPASKTYRELVSCSNCTDF,0
TNLGIVSWMSNCVAKVLQSFSLSWPAAFG,0
EQLPIYEPGLDEVVKECRGRNLFFSTDVE,0
KVFQGDFSSNLPVDKAQLIEDVRQALYAS,0
EYISAELKRMDRALKDLEEKQNSKKESIS,0
KAVLIDVRSEDLRVKDGIPDLRRAARSKY,0
TFSFLQKYGLTGEFKINVECNHATLSGHS,0
QSEEEASQNLNAMNKLEVLKPWTLTFSFG,0
SLTDVSHYFDSDPTKLVQGLRKDGRAPSS,0
GGGDSAMEESNFLTKYGSHVYIIHRRNTF,0
KVKEFADPYFQEAKKFSKPYIDQVAEVTK,0
ESKRETPAIVCFGDKQRFIGTAGAASSTM,0
SDSLDLSSNHLSESKPMQLKYVKFQNVRS,0
QRIAKKKSEAAEYQKLLAQRLKEQRERRS,1
NPDTLKKLNEAERAKKELEQQEYYDPKLA,0
ARSQNGNSLVEFSSKDGEIEAILKDISER,0
LVFEAKALEISDFEKRQAKFTSFFGPGIK,1
FMSKMQQEHASWLSKIQQERQDLKRDIDI,0
AGDDKDVLEAKLKEKLGDVNILQEKVSLL,0
GQSIRLSWGRSPGNKQPQQDQNQWNAGYY,0
PTIAAAPHMFLNGYKNVLAVAVETEYSYP,0
QYEVPSDRWWSSLYKVMEGLAMMSRLGRN,0
KLAPQRAVVKPAAQKTRPTPKQPESKPDV,0
VVVQSYFEGNLFNNKIWTGTVEGLPVYFI,0
AMMLAELAMEAGLPKGVLNIVHGTHDVVN,0
SDLQALDLKSLTWSKIDAKFQAGSTDSSK,0
ARRRWETLIREQKIKTLTPREAGYTFKLT,0
MPTFLFIKDGAEADKVVGARKDDLQNTIV,1
RIRATAVSDEPKLNKYSARITEPKSQGAS,0
NSNGREVQVANASSKRVVAGATDGKTAAS,1
LLLLVRAYQVSGHLKAKLDPLALEERPIP,0
VAPDTEIFCDGEPIKREDEERLDEVGYDD,0
GSGDLLRSHVGGASKIGDPNFEVRERVRY,0
LAKVAMECGVGIFTKTAAEYERRRENFVK,0
ATACNMLCCYADELKEGFFPWIDQVAPTL,0
EHVAVELQKLKDERKEATLERERREQELS,0
LMNEAAILAARRDLKEISKDEISDALERI,1
ALVVSAKKSWIPAFKSDAEFINPPWLDGS,0
FTSFFGPGIKAEIGKGGDDLYEVRLISET,1
GFSHPVRMAVPEGLKVKVEENTRIIVSGY,0
ELESRFIDAQADMLKSDPRQYDAWWEKVE,0
LGAGLTVVGQHPDAKIPWAIGLSIASTLA,0
AGNFFRLSDFLTFAKDKDLSGIMIIIKNA,0
SYVVHYNHYDSSNGKAGGEKRTFEVDAIV,0
GGAASSAAAAAPAAKDADEDDDDLDLFGD,0
NKLNEVASSWTREEKDHCLDETEKSFSYS,0
XMADSGARRQPSFTKVDQLRPGTHGHNLL,0
GWVGGNAKKDGGGRKKEPLGGRFADLINN,0
RDGILSIWETADVIKISEEEVSFLTKGED,0
RLYELRLQSPEKVFKEEEGDLRRVMDSFR,1
XXMLTKFETKSNRVKGLSFHPRRPWILAS,0
GEVVAVGEGRTIGDKKVEVSLQIGAEVVY,0
NAGCDVTVWNRTRSKCDPLLSLGAKYEPS,0
KAAYPTAFPLKHQQKDLRLALALAESVSQ,1
HLDRAVSSLGRDPLKVLVQALVNCKLEVC,0
IRIAEERRAITEYLKNESDIIKQEKDNLR,0
AAFAADATAAAAWVKQNVQAYPGVSFRYI,0
SGGHTLGRAHCANFKNRVATEAATLDAAL,0
VFVGGSEPWEDELVKRASSLVVNSGMASD,0
VGYEPYPGFHAKVQKLIDEARKEWEDKKA,1
GMRMRSAAMAAVFEKQLRLSGEARRRNSA,0
NSVTAYGFDLIRGSKTLDLVKSAGFPSGK,1
VGDRLYDEELYEAAKIIYAFISNWAKLAV,0
IRKVHNDDEVRTLFKQVQGEVPGSPIFIM,0
DVGLDTSAIREAVIKVKDQKDLPIMLFST,0
QARRARQVQQQCSGKKDSSELNYDYRNPF,0
GPGAAALLLESLDVKNAPSRVDVADEEAA,0
GIDPDDVYSEVPYEKGFQFLWRIERQIGR,0
TVTDSDMVMVLSYGKLIEYDRPSRLMENE,0
PSWGPVGGAPVSQPKATAPAPKAPGAKAP,0
QRVTSHSLQELQPTKSIEDNAEIKAWLAL,0
QLPGGERVPFLFTIKNLVATGKPESFGGP,0
ATGARCVATLLNEMKRRGRDCRFGVVTMC,0
