IGLPEEILEGASFEKAAELYFIFTRFDFL,0
SSLPFHSLHQQFPSKYFIVRPITLSLSEK,0
LNDPSIKELAEQIAKDPAFNQMAEQLQKT,1
AAEAGASVLNGLFLKMDMPKAPNAPYVLH,0
ICRVIDDTATYEVEKSRGQIATGIECCMR,1
HNPTGIDPTIEQWEKIADVIQEKNHIPFF,0
LMAPGHMIPMIDIAKLLANRGVITTIITT,0
ENGEAPTELDVYDFKGPGVALAMYNVDQS,0
ICAFGRLGTMFGCDKYNIKPDLVSLAKAL,0
YEREVNPGEVVVVDKDGVQSICLMPHPER,0
YQAFTDPSAANEYIKQEGAPIVVKADGLA,0
LHTIAQDQGSLDSSKAEALVKNLQITGRY,0
DAVNAEAFINKASFKVNGIKNEVLNLQYK,0
GLGCMGMSAFYGPPKPEPDMIQLIHHAIN,0
SSDRTRTSVVNGLRKKLQESMNQFNELRQ,0
RPFAAIVGGSKVSSKIGVIESLLEKCDIL,1
IVGKKLMARAAATVKKVSLELGGNAPCII,0
MAKKSVGDLTAAELKGKKVFVRADLNVPL,1
AEEVRGMLAQLGYEKLDDIIGRTDILRPR,1
IDLIKERGVDNSQIKVICAVGAPPALQKL,0
EDEEEDDSEKAEDEKKPKTKKVKETTYEW,0
LDVLDLGAIANPMFKMKGPAMINNSYPPA,0
GYERQYCELSANLTKKCSSASILDGEQKK,0
FAALMLFAGWFHYHKAAPKLAWFQDVESM,0
TTAYGIMARQPNSRKSFIDSSIRLARQFG,0
FLNILVDMKRVELIKEIVKEFEKVYNTLT,1
PAAAKEAEPAVESPKEVADEKAIVAPALP,1
VEWKGDILAVGATEKDLARDENSKFQNPI,1
DENCERWAALGECTKNPEYMLGSAGLPGY,0
CVTGASGYIASWLVKFLLQRGYTVKASVR,0
AAVEAAAEFLNKAVKPVLVGGPKMRVAKA,0
PSDNQLCLADFEAVKVIGKGNGGIVRLVQ,0
APFVKVMDEELGIVKGTMTTTHSYTGDQR,1
AKAEAKILHEKISDKAYSDDEVIRILATR,1
ACSVADSGFLFLASKKRPIHSTRITQVAS,0
LKDVLDRHYPEITEKWMNSSSAFSVWDST,0
DTYIIFEAANSSGIKIVNQREAASSSIFR,0
DITPMGGFPHYGVVKDDYLLIKGCCVGPK,1
LWNDARQLKPELVYKRSFWTESFVQWSPL,1
XXEKPKSGGVWPTVKPFVNGGASGMLATC,0
FNLLGAIGALEDRGKFIDDPAPPTGLDKA,1
FQNRRPDYISIFMEKLVSWEAVSSRLKAA,0
VPPSKVTKEDGTEWKWNCFRPWETYKADL,0
FLFAEGPVNNFSDAKKSDTEKFGRFYRGM,0
FSVVFLVAPYQFEVKHSNLSSLPGPQLCE,0
VEDVPTLTSSDLGVKQEEEGSGLKSVPVH,0
MDIPKGDKLVLRGLKFHGYHGVKPEETKL,0
YPILQKVYLERILRKPEIDAFAEELKPHQ,0
DAHEPTLDDVLQPGKNMLAAGYCMYGSSC,0
WDNDSLAALLALELKADLLVLLSDVEGLY,0
GDLSVPDGPGGYACKKPSAVTANDFVFSG,0
NVPAGGVPGAITTPKRRGRPPRSSGPPAA,0
SYSRTGLPGLIAEVKKASPSRGVLREDFN,0
LAKAQAEVSQALKGKKISFQEIDIDKLKY,0
LAKEVAAASEVSGEKLWRMPLEESYWDTM,1
PNYYEAAEFITSQAKSLNLESQTLELVKG,0
SPHICLPRSHMVMQKTIRCSASVSTASES,0
EFHLVDLRVMDNCLKVTKDVDHVFNLAAD,1
VLCLWAVVAEGEYVKYKDPKQPVGARIKD,0
TELRDKLLALDPLNKEHVIEINKAEAEFW,1
ANQDGNNSSLFSPYKMGKFNLSHRVVLAP,0
VYQPDGGAPISSTEKPISKRWRILMPDGT,0
ASQCPLKSFKFFKTKEIPTGFYEIKTGHL,1
NIYTMFSGSELPIAKDDEEIMDLVDPSAP,0
SCRQEIGRCRSFSTKASLSGVAPVLGLNK,0
CPANLQVIVDASVHKLGDLVLTGTCVHVE,0
SEEEVRSRRLSLGVKPAYKRVDTCAAEFE,0
MTYMFKYDSVHGQWKNHELKVKDDKTLLF,1
EFWMVEPEIAFADLKDDMNCAEAYVKFLC,0
SAVTIDHDLRVKISKVCAELNVDGLRGDI,0
IAAVSPSVLSSSYSKFAVAVPVCVGAVSG,0
VRLMNEEIIRFQEQKTLDMGLAFHEFAKG,1
IIVAFIGSTVFLRTKMHTNTVDDGATYVG,0
YDSFKSELVKQVADKDRLRLRTLKKAFSL,1
VESLPTAPLDXNDLKPLNSRYDAQISVFG,0
YYSFNVLGGLDNEGKGCVFTYDAVGSYGR,0
VSDSCHSGGLIDKAKEQIGESHKQGDDEN,1
FFEPIFKELEKKIGKFKKKYFITLKVFKG,0
LIFKKYTVPTLELLKINFDKEWLLIKRNS,0
AKKAVFIGINYPGTKAELKGCINDVKRMY,0
GQVVEAFKILTADEKVKAILVNIFGGIMK,1
TRSSFVQVTDSSQLKGSSDQSRDHLDSIS,0
MNLITDDDFRELVDKVPEGCRITIVSDSC,0
XXXMSFDSTPPAVEKLTLNAATVDEAKFS,0
KTSTEYHTKGDYVFKEEEHNEGKEKAMEL,1
TVPPPKTDSSTKSSKGSLDRDIALAHLET,1
NLTPVALMEGGALAKTIFAHEPTKPDYRN,0
ATILYGGERPQHLKKGYYIQPTIITDVDT,0
PLRFFLSKSLLFLSKLLFFLSNSLPFFCV,0
SSSSSSSSHFERLSKNLKFASNPNLRLSF,0
RANAFEGLSVDSQVKAQPQKEETEQTIQG,0
LALTVLIGAAAVGSKVSPADAAYGEAANV,0
NWCMSKKKAFAKYSKKYETDNWCMSKKKA,0
IPTRTTVTQSSELTKLPIRKIPGDYGLPL,0
PVLPSFSGNVPAALKKIFPSANITRLGDW,0
PDVVQMLLRHVTTVKNXXXXXXXXXXXXX,1
YLFTFSGGAISWQSKLQKCVALSTTEAEY,0
ENERMHLMTFMEVAKPNWYERALVFAVQG,0
SVTDPQAELLAPAVKGTLNLLGSCAKAPS,0
SGRDCVLHAQTGSGKTLAYLLQMLSVIDS,0
WMSSNHLYHAYAWLKLFSLQKSFNKNLSQ,0
PSFNASAILTSLATKNFTPTDVVALSGGH,0
LKAKSDNPVTGIDFKRREAYLSDEEFESV,1
XXXXMVKSAKKSATKVDAAVVAPTKPLKK,0
ELTVEERNLLSVAYKNVIGSLRAAWRIVS,1
PLKEEMRYVGRLFVKGSGKPLEILTKLNE,0
SLDDEIYNQLVEKAKEEGYDVSKLHKTPH,1
FEISGTGVVYETGDKVGVYCENLIETVEE,0
RHSSERRSPLIVSPKAVSDSQNSQTCLDP,0
KRPELATLETIDNGKPWFEAASDIDDVVA,0
VWDEIVKENGLTLAKLEDVGVWWFVDLIL,0
EILDREMNPIAEGSKIHVKLQFFDVSRDP,0
LLFCLIPFLFLLFIKTTLANLFSSNKSTS,0
MEPVEKCLRDAKMDKSTIHDVVLVGGSTR,1
KIPGDYGLPLIGPWKDRQDYFYNQGKEEF,0
NLNLITQALAAVGCKLEVIPDPTTVHFHL,0
IILVKAGAPVDQTIKTLSAYMEKGDCIID,0
SGVGAAVEYAVVHLKVENILVIGHSCCGG,0
AKGNLTAPVLFALEKEPKLRNIIESEFRD,1
SLQQRPDEGRRGFLKLLLGNVGLGVPALL,0
NCGPCKRDIEQYCNKKIWNCNDVYTDGKP,0
ILHKTIDSVLERGEKLDSLVEKSSDLSAA,1
LEDCINTLRTCHGDKQGKQFRIWVDLVLP,0
AGWQTTDVDPLVIQKSEGSYVYDINGKKY,0
XLAIQNKLKNIQDLKAQDLSLVSTSRHGI,0
RSLRNAIKYLGFDIKDVQTPEDILKAKRL,1
NFLCTGNYAVSGGLKGVEVVEAKAKSFKA,0
ASSETRAEIVELITKLESKNPTPAPTEAL,1
VFCCLPHGTTQEIIKSLPTNLKIVDLSAD,0
TGVFTDKDKAAAHLKGGAKKVIISAPSKD,1
NFLQQCLANNRCLDKWVIAKDIPGEIWYA,0
LLFLYVTVLTVIGYKHQSDTKDGGDICGG,0
TRNNDVQLADFVESKYLREQVEAIKMISE,0
KPGAEIKEEEIKAGKEMSDEIVKAVEAYL,1
YRTFQRDSAFSTLSKWNLFQTYMPWFLTS,0
VFINAYFVTYLLSPKLAHRIVGYLEEEAI,0
FLEGGSVEIPEFLRKKGRSRYPRAXXXXX,0
VIGAVNCVVSRLDGKLFGCNTDYVGAISA,0
LLADPKIFDAIENEKVVNKTVEIYNIDRA,1
AQEMMLGIDFTEVYKNSDLYRRNKALISE,0
MALQVQSEFQKAYEKGIHKSKLWEPTYED,1
GWSSWNHFACNIEEKMIRETADAMVSTGL,0
ESGEVQIPITDDNIKSILIDMFSAGSETS,0
KTSLQILTLQRETEKVMVKRQRTAFPPNF,0
NAGSSLMGIGTATGKTRARDAALNAIQSP,0
FHVGGYKWRILIFPKGNNVDHLSMYLDVA,0
LHLGKLGARLTKLSKDQADYISVPVDGPY,1
PERLCMPIVEHIESKGGQVRLNSRIKKIE,0
DSTVPAEAVFAQEVKKLQAEQFKPMEQVT,0
RTIRLASSAGQVNGKQRYAVNSVSFVPLD,0
DLRAQAKRELDGLKKYGDKVIPLYSFVDY,0
DCDFTPIYERPSSEKEKKKQMSTKRKRPL,0
HEAGSPLVSHPDVDKIAFTGIGPTGIKIM,0
TKERVLEYVNQLCEKLPSPMGESVIDCSM,0
GGYIEGDVRISGFPKNQETFARVSGYCEQ,0
GIFRTDNVPAEDVVKIVDNFPGQSIDFFG,1
SKNTNIELDMQALVKLVFGNTSSNINQDI,0
GVSVIAEPGGSIRDKDAVDCCNKYGVSLV,1
YNEFRRGMLQIPISKWEDLTDDEEVINTL,0
FLRSIARRFNPRVTKFVFRFLGEDGIEPS,0
MGHILYDEVMRYNPKNPYWFNRDRFVLSA,1
EVMGIHYESSIAFAKAQIAAGQKMPLSGT,0
VGVLYRVVDDILEAKETQDKSEGKKKKGK,1
PGVLTALMGVSGAGKTTLMDVLAGRKTGG,0
LMPYLRRINTSTDTKTYASRTLLFLQDNG,1
DKGRFFAFGRVFAGKVCTGMKVRIMGPNY,0
NGLLVVCASKGSNTKPLTGVVFEPFEEVK,0
MGLSVGTMIAGWDEKGPGLYYVDSEGGRL,0
IGRDKKEMKFELDDKILEALKVPVAAXXX,1
YACFSGNYPVEPTGKVKRIGDFMDDGLSG,0
TVDVSVVDLTVKLEKEATYDEIKAAIKEE,1
KQFARKAGSGTITAKFELQSPPYPMDALG,0
LNHNRIFGRLPQGLKDLQLQNLNVSYNRL,0
PVRLMTTEAQNVAAKLKSSGLLRSQALIG,0
NQLLESIGLQIVHLKKWKPFLLDDHDTSQ,0
FWAETQQGIFDAVLKGRIDFESDPWPLIS,0
AIRTEMSQYFFNTCKSDGKQRISFTYPPS,0
LEKHFGLFSPNKQPKYNINFGVSGGVWDS,0
TKDGRISLAGLSAAKCEYLADAIIDSYYN,0
EAKAKASGACQLVVKDLKEEFVKDYIFPC,0
YEETQLDEQRQLLEKLPEVKPYFSSSLYI,0
EDNKTVAAMDLLVPKVGELIGGSQREEDY,1
LIDTPRLGRREADIKNRFVLPPFLTLKNF,1
EQELETARSSSSIEKNYELPDGQVITIGA,1
NRYNPCNRRNYQNQKRSDNSHYKYTKEPF,0
SLPGDYGFDPLGLGKDPAFLKWYREAELI,1
LAQAQECVFENSIAKGNTPGVCAKISRQV,0
ATGEVITDVACMGGKETNDAISSAYDAFS,0
PSGVSYRYFGAAIGKGRQAAKTEIEKLKL,1
NFLIPFGLVKSDYNKLVDAFSKNAGSMLD,1
LEDLIGGKGEENLSKIGFTKQMVSMGHQA,0
NFMGSQIFVSPPTPKTTKYFHFHSKRKSL,0
PCIIFDDADIEVALKGALATKFRNTGQTC,0
LAYYLPQNAGDIARKYIKDPGLLAFIDAE,0
ALEKTKYPDSDIYLKKFDEKYHFSAQFTA,1
MQTSINSGTIMRWTKGFSIDDAVGQDVVG,0
RSHYVGRTFIEPSQKIRDFGVKLKLSPVR,0
FPNLKYVGVELWQVKSGTLFDNIVICDDP,0
IDDAVGQDVVGELAKAMKRKGVDMRVSAL,0
AIQGNVDPGVLFGSKEFITNRINDTVKKA,0
LSKICDGILKLLDAKLIPSAASGDSKVFY,1
ADDEQIKVAYRRLAKFYHPDVYNGRGTLE,0
RNSQGSTSNRYFTIKGVILFVVAVLIYRI,0
TCSIVEDEENNGGQKRVYGLSQVGKFFVR,0
GDSSGGNIVHQVAVKAGEENLSPMRLAGA,0
EDVFQALQLFIDALKKLSGSLTYRYDLVD,0
MLSALGMSDLPGVVKQAAEPQAVAALPTY,0
IAGPEKKNAVVSDEKKKLVAYHEAGHALV,1
VVVFCATAGVPSDIKLRVILASFAILSAG,0
NDFIRNASSIDESTKEKLAPFSSLTGDES,1
XXMAEVEVKKVESEKVVDPTPPAAAKEAE,1
ANDTKYGLGAAILSKDLERCERFTKAFQS,0
MLGAAGFVIPEAFNKFGADCGPEAVWFKT,0
VIGLDEDQIAANLVKHGPLAVGINAAWMQ,0
NYYEHEKFVVLLKNKEVPYTRHVTGSNYC,0
GLLTSQTDPPTSIYKRWFIKNTQEKHFEL,1
ITGNTNTLAGNVPPKANLGDLRGLSGGLN,0
RNVLTQCRLYYRQQKQQQQHHLPILSSQF,0
WDGSAIYGSNAEVLKKVRTFKDGKLKLSA,0
IKVVDLLAPYRRGGKIGLFGGAGVGKTVL,1
RLLIQDYPYAVDGLKIWSAIKSWVTEYCN,0
NLALMDKVLNVDEEKKTVTVQAGIRVQQL,0
TVEDTNVVTFERIEKEFGPTVRRIVEGET,0
SNPNLRLSFAKNIEKSSPPSALHMDAPSS,0
EEKLSCMMELEKQGKIVPWCSQLEVLTHP,0
VGSWAAQLITEQGGKIVAVSDITGAIKNK,0
GYIYFPMDDVNLSTKLSRNIPSPSPAFAS,0
TIMKYTINQYLSNLKKSQKKWFEPLILIS,0
EVTEVVRTGVTPAEKLLELYHGKWGRSVD,0
IFVDADKDNYINYHKRIIDLVKVGGLIGY,0
IANLDADKHRDLGEKYGVSGFPTLKFFPK,1
EGPALPVLDQLVEDKKNHGTYDFIFVDAD,0
MLDSGKNVNFSKGKKKLFLTVVASVLLVA,0
LQMELAATRSTQEMKVADQSSNSSRSQDG,0
NVLESLGARVPPSVKSEKGGGEHSDELDE,0
LLFANGCGAITVTEKGAIPALPTKEAVLK,0
GEEDEEALTWAALEKLPTYDRLRKTVLKS,0
TPGSPVAGGSSAGRKASKRIVLVCHGVSE,0
VEIKRTIPKGSAESKDFKTKKIFVGGIPT,1
DYQLKSPSPLLLPAKDAVTPLSESEAIDL,1
QSVMASADSAAVAVKYAGPMDVARHVLRS,0
EELPNHLTLHPFQYKGLVNQIIDSKWVGL,0
ASRNDIIEAYRLAVKADPVSAFGGIVAFN,0
DTIQVPGVFPNPRIKDYIKDHFGYNPDFM,0
LKVQVTEALSHPIRKAIPRVGARKYIHIY,0
ENGGLNDLIVELQTKGVSLYGGPKASSLL,0
KGDAFVFATPVDIFKLLLPEDWKEIPYFQ,0
LSFSIKNQVAEKYAKEIEALKEQTRNMLL,1
APEALQKKIDQTNVKIENIEKQIETKEEL,0
XXXXKEEFHKETCRKIKALHQYDCLRANK,0
RRRQLQAEEVGGGDKEVVREYFNNNGFQR,1
AAFVSAQRSDNATSKWLTLTGDAPKVIAR,0
GLGDLNYPLISDVTKSISKSYNVLIPDQG,1
QFPHSWHSSPSFLTKPLNLPFTESYKTAK,0
KNSSYFVEWIPNNVKSSVCDIPPTGLKMA,0
GGNVVTNYQAENLIKQGVDGLRVGMGSGS,0
KVKTIPERYLAAICKQVLKGLWYLHHEKH,0
SEGDSGLEELADYSKETKHSWEKILKNVM,0
LHVYAGILDPTVNDKGFIIPGLGDAGDRS,0
PRHPIIKELRERVVKDPEDESVKQTAQLM,1
DVLGDKLESITYDVKFETSAKGGCICKTS,0
GFSPRVFNNRGLSLKVKCSSDATATTSVT,0
GGQISFDVFPQGWDKTYCLRYLEEFNEIH,0
QRRGTCTRVYTITPKKPNSALRKVARVRL,0
QKKDMAVAQAVEKKKSDTKTQKKKKQESS,0
TDVVDGYSPTLPHLKGLQNGDTATSAIKQ,0
DLHGRRIRVNYATEKRRAGFGGGYGGGGG,1
TLNQTCNFVKGDFMKMSFPDNSFDAVYAI,0
DAGIFPEAEIDLFMKATAMEGVESSLITD,0
VIHEAMRYSLLAGGKRVRPMLCLAACELV,0
GVDRDISEQMFQYGKNLGLSFQVVDDILD,0
GVEHVGGDMFASVPKADAIFMKWICHDWS,0
SAEVENLKALLASEKKATEEARDSSRDAV,0
FAEYYRSSALHQRNKALVKELSAPPPGAK,0
ACGGQALTFGGDVSKEEAVGSMMKTVVDR,0
LDDEPEEIDDPEATKPEDWVDEEDGEWEA,0
KVLWTPSKVIARLAKEINDETSYLYWAYK,0
VGDEGGFAPNIQENKEGLELLKTAIEKAG,1
KISNETVAGIEILFKEKDLKYLEFLFVYY,0
NLNKEFLNRLEVLDKESFSLDILETRTRL,0
TGTIPPTITKLTNLKELRLSFTNLSGPIP,1
QKKLQVPDEEFSKWKFAFLSMGRPDYLQD,0
FPGFGTSGDDTARRKEIAAFFGQTSHETT,0
VVSNSFKELEGGPIKALQEEEPGKPPVYP,0
FVREELGAELLTGEKVRSPGEECDKVFTA,1
RLKDYIEGIRSAYTKDFTSKDPVKRQIAV,0
KAMGHHVTVISSSNKKRQEALEHLGADDY,0
VWLAFHRMRRILFYKLPISRPDFVQTIIP,0
GTLSKRLEERGLDVKIIYSGGMDLDILPQ,0
KDVTSALLLNEKMRKKPENQGQALITEGR,0
IGRDPESWEDPESFKPERFENTSVDLTGN,0
FIDRFFRVAEEDNEKFLRKFRNRIDKVGI,0
NSGNQRVKLDYRLAKSTTRNSHVMAFTKI,0
AGRLFQVEYAMEAVKQGSAAIGLRSKTHV,0
DLTNEEYKSIYLGTKPDGRSRLSYTQSDR,0
YDLSQIRWSRLMPQKWRNRVNQGCMAQNR,0
YSDPFIMSHFGIRAKATVSQEYCARYVLL,0
QRLERMLAKSISPAKSDEFTLKKNILATF,1
ALAFAGAFSFEDGLKLVKLRGEAMQDAAD,0
IQRREMSLDIMLIQKNLTLTELMKKGILI,0
INLKKAEIVVDVLVKNPNPVPIPLIDINY,0
LDLTCQTVADMIKGKTPEEIRKTFNIKND,1
FSGPRWEALVKKGAKKQRLLWASTSVKNP,0
LTLEGIKQFYVNVDKEEWKLETLCDLYET,1
LYRHARLVTSAVIAKVHTIDWTVELLKTD,0
KDALGNDVIASEWLKTHPPGNRTLTQGLK,1
RMLGRLDDLRHVEAKYPALLFKQQLTAFL,0
VPLQTDSSFRRSTFKATSITFSDRSSWIS,0
IGLSIHTTPVEIREKLAIPEAEWPRAIGE,0
VGGENDDVSVDPLTKKHKATAAASGDSST,0
ALTDYQFMRARSRDKKLQEEWAVALNSVD,0
PAAMMRYWNDQETLKKIGEAMGFAAGGEG,0
KLEETGGSIIGGTFKAIKERSSTPKAPRD,1
GNQNSTITREQIEDKLDGLTIDEAIKTNR,1
LQSRPSVLGHTHLRKRVNFSIVNEQSPSN,0
DVFDGFMFGCGQNNKGLFGKTAGLIGLGR,0
IARDIKQRLSESDSKTEPQAIRINQSDQA,1
AFGCGKTVISQALSKYSNSDTVVYVGCGE,0
PEWGIGTYFGAQCEKNGMLVRVAGDIIMM,0
NMSNMKARLTNVHHKYDLVMENIINEHQE,0
GKITDEFTGAGSIGKVCQVIGAVVDVRFD,0
KEWLQHAKTRSARHKIMKFLREQAALSAT,0
MISNISFTYRSIYSKKAMTDMDSTNVYAY,0
EKSSDLSAASQMFYKQAKKTNSCCTILXX,1
LARLVNIYLFRCNSKILFVTSGFVGWLIG,0
QCLKTLKVAFYNSAKDEVTIHTIRLPKQS,0
EIYEAAAAEIKTLVKEPKVAGLKKHSAGV,1
VLPDLDIMYMTKICKLLGLTALVEVHDER,0
EQTEGVHNLFCLITKRIRMEGFLVFDYYH,0
LSSERFNAIFPFVWKIKRNFNIGSEKKIR,0
IIVQCLNQMPSGMIKADDRKLCPPSRSRM,0
CSSTVYQAMEADWMKNLEVGIPQLLEDGI,0
AAGAFAFLRDNVAMKASMGSSTTVDVSVE,0
ALGCITPEVLEKWVKVDFKEPVWFKAGAQ,1
VVTKGDQYDVREHTKENEVRNLGKPVDLA,0
DSDDEIPLASRFQLKSNAGASTSKSSNSE,0
FRRVSEQFTAMFRRKAFLHWYTGEGMDEM,0
AESDGPITNEEVVTKARKKLQKQGYTQRP,0
QGGLGPFGLITLASKNLEEYTPVFFRVFK,0
IPTMIGHTIAIHNGKEHLPIYITDSMVGH,0
XMVSNGNGEFSFDSKRRSGLPKIQTQKTD,0
GNITSAVVMRDADGKSKCFGFINFETAED,0
TVIRSSSSATQEIEKEGRSEIEGLQGLEF,1
SDVRSPNGQSSSAEKVKAGTSSKASRAVS,0
SEEADGFRNRAKAYKEMARKAIEEGGSSY,1
CADGQITFTVLSCDKENGLDRCRCENTAV,0
VNQIGSVTESIEAVKMSKQAGWGVMTSHR,1
XMASLAFNSVATTSKFHSSAAAVGSSSIR,0
SGVLGSLYALARNEKAVSDATIESMKNKL,1
GPVFESNAIARYVTKLKPDNPLFGSSLIE,0
RVNQGCMAQNRNLNKWNSYEKDQLIHYKK,0
XXMALQVQVNGVSLKPSTVPSSSAWRSSK,0
PDIGQIFPDTDPKWKGAPSSVFMEEAVRL,1
ASSTLSPVTQLCSSKSGLSSVSQCLLLKP,0
KDQFHRHLLLEAERKQLRPIIENKSRIIL,0
LAETSDNKLVAADAKLNFDDNAAYRQKEI,1
ALKKDYAESDTKKGKKKKQYKSNTEAELD,0
SLAGQNLDVWQSTIKKLQVVPNNRIIELL,0
NPPGQRQSVQHEEYKVHSYNRNGLCALGF,0
EKASASADSHIQDEKDESDIDAEDLSRDD,1
VHAILTYNDTNHLIKKEVPCETDQLTHVY,0
SSNIWWALLEESIVKANAGVGKPEIFPAS,0
DENSTVYIDAGVSGKDLTYRVEKNGGLVN,0
GLGFIETHGWAVDNKDQISPLGFEIIFPC,0
EPVPPNILKFDFLGKDSIRYQNEVAVYKP,0
CHPAALTNEKYGIGKKELLKVCTERELLL,0
EKSTVPVKTAEAIEKILTHNSKGINFQIL,1
RLRTQVNSVKAPVNKEEKVEAGEKATVTV,1
SKTRYVIYVKKGIYKENVEVTKKKMNLMI,1
ISDVIRVRTGERGEKAERMVGGHADMSSA,0
MRREAQDSVCLAIEKADGGAKFKEDVWSR,1
LCHLSVATIGSSSNKKSTYIVHVAKSQMP,0
IPRINTQLFLESTNKLIDKYISNNEINQE,0
NGNEDHNQEYDAIMKWLDEKPNSSVVFLC,0
KTDPRYTCQREFALKHLPEDPLFQLVAKL,1
EPRFEAMKSIESDVKMDPIATAXXXXXXX,1
SQSSKPQSIYDFTVKDAKGNDVDLSIYKG,1
MQEEMESLQKNGTYKLVELPKGKRPLKCK,0
VLAKEGKADHIYYAKKEMKKVAEVYFKEA,1
SLYGLKQAPRQWYMKFDSFMKSQTYLKTY,0
SEDAFIIAQTNVVQKLQSSNLTVYVQLLN,0
TSLPRFKMPENSIPKEAAYQIINDELMLD,1
VYWELVVKDIQDACKLFESIYDKTDGGDG,0
CLPQEALEAHDGASKGKYTIGLGQDCMGF,0
ESLNNVLLIGMTNRKDLLDEALMRPGRLE,0
LFQQGRISEAETSIKRLYGKERVAEVMGD,1
PGGYWVLSGPPINWKTNYKAWQRPKEDLQ,0
SIDGGWLPGSSRVQKTILNEVRTSXXXXX,0
TDVQQLHGLNLGLNKTKGRKWGIVSQLKA,0
YRPQFYMRTTDVTGKVTSITTDKGEESKM,1
CRDQTEIDGYTVPIKARVMVNAWAIGRDP,0
DRGINPRVQKGSVVKEAGGVGMVLANTAA,0
FKSIFSELDDTGDFKINLDEFADLCTAIG,0
EVWPYMETFTEDVAKEIAAELQAKPDLII,0
SRVARQMVERLGFSKKIGQVAIGGGGGNP,0
GGVIANREGISWATKDKVQQANYFGSLTQ,0
ISSVCSTKFCADTRKQSWNRLASSCQVSS,0
FMYYTVYTRLARAAKAIIVSVFLPLAPEH,0
QAALSATEITVDSVKEFVAESEGDSGLEE,0
KTVGKGKNRGNSTVKAVYSGAEWDSAKAS,0
AVSVSSAAVELALMKLPESSHASARMLVI,0
VAKAMDELSYFDAAKAAPLYHFANYIAHR,0
LPAHLHSFEFKIVSKDLCGGRSCFRITNY,1
DFQPKKDVKIVTDEKATSMAASSIDDAAV,0
LLPPPGQSKLDTTEKGGQFSLHILKHSTI,0
GPHMSSRTFEFHWGKHHRAYVDNLNKQID,1
KRMVDESDLRKYLEKWDKTYWPTYKVLDI,1
QLGCDGVFVGSGIFKSGDPAKRGRAIVQA,0
APVLDETTCGSLLQKLQQIWDEVGETDDE,0
LDRYPTSEPNSFWLKNLFLVALEQLGDSL,0
LLSRFSRNEFNLESKSTIGVEFATRSIRV,0
DFAAWRELVWPELDKFLLDGDDATRATPY,0
TFVLVYTVFSATDPKRSARDSHVPVLAPL,0
VHKIRQTMVSVLREKFAHLNLTFSIGGQI,0
EAIRKACQGWGTDEKAIISIFGHRNATQK,0
AKSAMVSIIGLDSEKVQKLCDAANEEVDE,0
VLKKNLKTVMSTIIKNMGSTLGACGDLNR,0
GAGGVIPPPATYFDKIQAVVKKYDLLFIA,0
XMENKEEDVRLGANKYSERQAIGTAAQSD,1
SALAERDGIVWADYKKQLKKAEQWNVEVY,1
ERVAVDLKAGLHPLKHKFVFWYTRRTPGV,0
DIESSTILEIKTFAKSVIITKQSVFPSED,1
ELGQLMTLEQGKPLKEAIGEVSYGAGFIE,0
WEKISEKGETAIWRKRMDADSCRSAQENS,0
YPANLSDPLLIDWVKYRGNPVMVPPPGIG,0
ELVIIIAVVSSRQMKQVAPQMLETVETSA,0
VYPVGPLIQMDSGSKVDGSGCLTWLDEQP,0
CVNRKLNIAVTRIAKPYGNPNILAEFIAG,0
GGRSNNRYLAVVWEKPWENFRNLTSFKKL,0
ATNYESTYGEPILVKELAERVASYVHLCT,0
EQEQTPFLTLDMVDKFLGLALPVGSNKDH,0
SLGTASNRNSLSSSKIVYAYTNAIHGFSA,0
ASFSTSDIEARTETKDSSTATPRELCHGH,0
MICNMTDTDIANEQKLKGTTTNRKLREDN,0
QNQLLQVLCLVAMEKPVSQKPEHIRDEKV,0
MTSGFELVFPTLLEKAQQLDIDIPYDAPV,0
DIKVEDIGALHVIPKELALKIVSKIEAGE,1
GDLFLADVNTQLKNKNVTTDIKVDTNSNL,1
LIVISSQVDARETSKAAAPITQAMNSNII,0
NIPVEEVFQQLKCSKEGLSSEEGKTRLQI,0
DSSQGNSLYQINMIKHVKHTYPHLDVIGG,0
LEEDVAYHTTGEHRKLLVALVSSYRYGGD,0
LDNQVVRVLGSSPVKILTEALEQTGRKAR,0
QVYTGVWMRHYMPLKERSPYTETDKLGQV,0
IQARARDSDISVIAKIESIDSLKNLEEII,1
ERIIPGYGGGMSSAKAALESDTRVLAFEA,1
KARTMIYPPAKKAAKLGEALSNLAEIVEK,0
LMGMILGIGLMAAWKHMMRYRSNKRVAKA,0
APSSSATADSEFDAKAFRKNLTRSANYNR,0
SGMEHARWWVQKNVKDFWPDVKIKYIAVG,1
LMAPGALILASWPQKSPATKINSGELFSN,0
PGAVLRGEPFDGAEKCRQLELWLIENHGF,0
FSVRHTSCRGFNTHKSFSTVFNSLSVDNG,0
ALHIAMMGHCLNLTKEWLGSFHLDAGSIS,0
IYVGPLGRHSCHLIKYFESNPGVAKIKEG,0
DAGCGTGCLSIPLAKEGAVVSASDISASM,0
YGIISLVVMEEIITKEAFEWLTNEPLILR,0
SSSKYMEQQNENKSKLKEFPYVSVPHREL,0
IGGIVQVGAHGTGAKLPPIDEQVISMKLV,0
PLAFGVGCVSLAGAKFRRSISPAQSKPFA,0
VFLVSRATAAISGLKELTIEHRRLAEIIE,1
HGFQAQYAVTELTEKNFWRMFDNTLYEQC,0
EDLQEEQRKIEEAAKLLCWEKISEKGETA,0
TSIGTILEELISRAKTALAILASVTTPNE,0
DEVNTQDDEQDSSSKFSWRDHWYPVSLAE,0
ACSASSTALLSSNPKAASISPKSSFQAPI,0
GRSDPNQNTGIVIQKCRIGATSDLRPVQK,0
EREAQNIEDDLQTLKEYRSDIERAGSTDS,0
RGWAQLYPETDPSRKLLEQVQNSYYLVSL,0
WMSIAHWWLCHFNLKKFRPNEINRVKISL,0
SDAGPNAVLIARNRKAATLMLQRLLFHFP,0
LDVLDSSAVIVFCRKWGVGLVVVGPEAPL,0
AKRSLLDHFFTDLGKKEGKQLGTLLDEDP,0
GLVYAGIGWAIWRNKEDLPDELIFHINYL,0
QADVEVTFSFASLDKAEPFDPSWADLYAQ,0
EQFRVNGYSEIEREKLNLINSTYKTLEQL,0
CKMYWQSNGDYLAVKVDRYTKTKKSTYTG,0
TIFLPNTDYQELEQKVDTVAKKPLSTEID,0
GIIKFDLHAEPETGKAQLEVGGNVQGIFD,0
GVSYSYSRLIHDLYKRQLLLNRKILAQIA,1
SSPSFAFYHSSFIPKQCCFTKARRKSLCK,0
SDIENKGNLGPVLSKHQNALKKDYAESDT,0
LHSTIQLEVFEILAKSNDTKLSASQIVSQ,0
SLQITIARPSIFSTKRISSVCSIKFSANT,0
TVNWSKERYDEIESKMVPFLRSSGYNVKK,1
SLNITCRAVQHNFFKVEKLIKTRKGLKPR,1
QTNQRYPEQRYVDKKNFDEFILQPQTQRI,0
EDKETQSLIVEVFDKDVGQDQRMGVAKLP,0
MSLDATEDAIVGALKQSLRHLETLGAQRA,0
LENCPQNLAMNSDEKKQYEWNARTQITMW,0
SEFPAVFLNFEDGDKVLEYIKNSHSPKAR,0
RWDINEIDRLPDYMKISYKAILDLYKDYE,1
NEAKAKENEEKDVMKQQNMYAQLLPLALP,0
GHAGVTILPLLSQVKPPCSFTQEETEYLT,0
ATRPRFMSSDIVFYKSRDISFAPFGDYWR,1
DIPASTAEDVDIAVKAARRALGRNDWGST,0
DELKAGLRKYGSTLKDTEIRELMDAADVD,1
PNQNIILCNIRQAWKRPITTVLAQGGLLQ,0
PFYDEKVKPATLIPKQVGNMYTASLYAAF,0
SVAGTSVPSTAFFGKTLKKVYGKGVSSPK,0
LYAVSAYCSTWDGNKPLAWRRKYGWTAFC,0
QGEHGGTGEAIYSGKEKIQISHFYDCLQD,0
ATKVMEVVKKLDVEKYMGRWYEIASFPSR,0
VDSFWYLDQLGMAAKHHTKVYCRQTLIGG,0
PSVGWGGPGGYVYQKAYLEFFCSGEKLNT,0
MMLCERELTIERALKNEFEGNMANVEYFA,0
QLEDGRTLSDYNIQKESTLHLVLRLRGGM,1
GGYLIFFVHDENTGKSAVNVIDAKTMSAE,0
DVLAVELLQRECHVKQPLRVVPLFEKLDD,0
EDLSRDDLVKLVAEKEELLKMKDGEFQKM,1
VLLVAAVIGVVVGVKFRSNNSDDHADIQA,0
GFSPDEEIELFEEIKLDPNVMCEPIDWKL,0
ALLKSSVPEEFKYYKADEESFESSHDAFR,1
CFPVILDRSMKSSFKLSKSSSSDKLNKSK,0
SSAAEDMSIISYNEKHHTNGESTVWRTDD,0
VKEDVRPIFWANRPKSYISRTLGWDEYPH,0
GKSISSILDVVRIIKTVFDVNIVGAFFCA,0
DYSSVGYSLLLKKEKAIIVQPDRVTIGNG,1
LVIPRGSNKLVSQIKASTKIPVLGHADGI,0
KKAYRKAAMKNHPDKGGDPEKFKELAQAY,1
PIGGVPVDNSDLELKPQGKLIVTVVKANG,0
NKISDTFGNLTQTIKMKGPWASAWVGESG,0
GRQLRPDILLEASPKRESMKPCFTAASSP,0
GKRLAMVLWNRSSSKADITAYWSDIGLDS,0
KAAGFSVEIVHYDPKAVGVDAKKAFPFRN,0
QAISSVNLLFRGSIKSSPRIQDKLCCSKK,0
VGYVARTRQVDLAGKEGFTIAVELIGEAI,0
LLWTSSLNRTSHHFKPNYTYRTPKFLFRQ,0
IIAILGMDELSEDDKMTVARARKIQRFLS,1
WLVEHGKSYNALDEKDKRFQIFKENLRYI,1
CCLRFPGQLNSDLRKLAVNLIPFPRLHFF,0
IDDDDPILEKAIGTKIDWCPGKCLTQKIL,0
KDPLDSSFGGDLFQKSNDYIEWLNSKANS,0
KNFQEHLEQSVSEQKSRFQVVFDRLRINQ,0
DAFVGGFLAQLVQGKPIEDCVKAGCYASN,0
PDPIQIPGCIPIHGKDLLDPVQDRKNEAY,0
RGKVVDPHTVDVDGKLYSAKNILISVGGR,1
REVGADAVSHGCTGKGNDQVRFELTFFAL,0
SEYDSRVKAMEVDEKPTEDYNDIGGLEKQ,0
SELAMTIFKLPVFYKQRDLLFFPSWAYAI,1
SCPWSELDGLQPETKIINEKLGHINTKGF,0
EQIIELCELKGDIRKKSLDIIDSYANRGL,0
XXMGYWQAKVVPKIKQIFDKNGPKKAAAA,1
DVSSLSKRKPGRPPKLKPEAQPHAQPQVQ,0
EIDGNLKAYTFYEDKEEDRFRWRVTYNML,1
GTASVVLAGLIASLKLLGGSLADHTFLFL,0
LSFLFSAFGLSEQGKTEGFCGEEEGKGNN,0
GFEIIFPCMTNYAEKLNLDLPLDPNLVNM,0
ATMYAVMLDTDYMSKLQFKENFMNDWRKI,0
CMSLTADVAGEAKLKDLEPEKADTRTVVA,1
EKFITHQVPFSEINKAFEYMLKGEGLRCM,0
SLPHPDGDQFGAVSKVYTPADQGVEGSIW,0
KEEVFGPVLCVKTFKTEEEAIELANDTKY,1
SLNYLALVVLNFFEKPLWCSKHLAESCNN,0
KSNGTLEQTTADLEKIEKISDDEAVFNFF,1
FIVYSIGKPLDAWLKDMPLSLNCITWLEW,0
PASTAFAFMETNDEKCLAYLQNVVEKSNG,0
GGIGEVGSVVTWKYKEDGNAKIAKCVIEV,1
RYLAVPPPDTMQQAKKIDEDILQEVVKRG,0
FSGLRTSSAIPFGRKTNDDLLSVVAFQTS,0
LTKGHYKKCMEQRFKELVASKGLEGVQAE,1
PFGSTPSPARPLGTKKVVGPRANGNANGS,0
LASFVTTWMEPECNKLMMDSINKNYVDMG,0
SFLDLQKPQSELDGKACAAVGQNGLMALY,0
IAALASELLAAYLMKPIESGSVDFAEFEP,0
SNFVLVEIACTRSPKELVLAREAYHARYK,1
LTLNNNNAEQNSDSKLTQPLSPSACIFSA,0
FFYLTIHQNPENNQKNSKKAFFDWMGMNE,0
IIKTETCESFFNFFKPPQVPEDDDDDDID,0
FSKTPACDIYCANLKSCFFIAVFLLLSLT,0
MAVAFHNLNSDSGLKKLDEYLLTRSYISG,1
GVQLSETEFPKNWLKDGIQIKILFPFCLK,0
TQLAVKGAKVLVLEKYVIPGGSSGFYQRD,0
DNLERVRIEEGLSRKMANSVACEGRDRVE,0
ALYDQVLPALDVLGKKSFFLGQVGNGAKM,0
GIEPSTNQTYGSLLKNLTFVKTFASGILV,0
FERSGEETAMTRMIKTVRESDSKSYGVVF,0
IDTEEDYPYKAKDGKCDQARKNAKVVTID,1
DADSSKAQKTPITPKAQTPGSKTLFVGNL,0
NLLTYPFVREAVVQKSLALKGGHYDFVNG,0
LTGATAIRGLPLLRKPVVKLTAASFPTVA,0
IVVVDSELPSGESEKRRILSFVGGIDLCD,1
DTEMEFYEAMKKGEKDVELFINNGVGHSF,0
YFCQPVIAGLGDDDKPFICTMDSIGAKEL,0
NEDANLEAANGVAAKKGMILPFTPLAMSF,0
FRESEVRTAADMSEKVKNGIIPNFVTIPS,0
FDRRDAIAHGSAYQKAAALVDLAEDGIGL,0
QLELNLKVRRLARSKMDPDEERRIIAKEK,1
KNPEIKVYGMEPARKCNSEWRTKGPHKIQ,0
MMESAKETAQAGQEKTGGILQKTGEQVKS,1
KRKADSATKTPVPDKKAKFVTPQKTDGKK,0
IPDRSKKEMEFAMRKFYGTFDRVETRRYI,0
RQLGPDTRIFGIIGKPVSHSKSPLLYNEA,0
VLVSGLQGLGAEIAKNLILAGVKSVTLHD,0
DILETRTRLCNDDTKKEYVPKMYDPLLNG,0
RVQRRIAELYKEHEKELKEAKRILMKKIE,1
APGFAHLQGLDFMSKHHMLADVVTIIGTQ,0
DMPPEMKDQGVTEDKLQLLREVTGAFRPG,0
ISMGMNLGNMAKMLKCAGNDDIITLKADD,0
IVKYAYLTNIRRTVKPALPAGYWGNGCVP,0
GLLPPVISTQELQEKKIMQSLRQYDVPLH,1
PHLVTQDLPSLVAVKDADFSAVDAVFCCL,0
PKHTQIKNFSLDILKRSSKTWVPTLVNEL,0
RSVSLRIERMWREQKRHEVIELPSIASSF,0
HAQEEHAISSEFVEKVKVSEEVAEYKEEE,1
CGNYRVIGDEKEDPKFCEQCGVEFVDSRI,0
IMHHLTGHRNIVELKGTFEDKHHVHLVME,0
IAATCHAPDVVGCYKEIYRVLKPGQCFAV,0
KINMAPGPFTSNDYKLVAFLDANSFVYMF,0
FTTSNNPDVWIPAYKDSRWYCLFFVLYVL,0
KEALEWLDDNQSAEKEDYEEKLKEVEAVC,1
IRPAAHAADEEYIAKYQLATSRMRELDKD,1
EAGVSASRVKSEVEKLRGKEGRKVESASG,0
QKREIYDQYGEDALKEGMGGGGGMHDPFD,0
FRSATFPNRGVVINKKEGKQVINYVNNIV,0
VIKKAMVELEGAPFKKFASKREEWALNNR,1
DQILLSLTHSDRLSKNDSGYQMIEQPGAI,0
TAGLMVNDPVLRTHKPLSVELGPGILGNI,0
VVERVNKLQLHFGSKLAYLHVTQPRYVAY,0
VLPTDAALFEDSSFKEYAEKYAVNQDVFF,1
FSGRYRVQEDGESGKLSERRGGYGGPRGG,0
ELEGAGGKKSDPDEKIRTGFAHFKAEKYE,1
EEAQALLHEAEKRSKRKKKPVLEGEKMTK,0
KTMSAEPVAVVELPKRVPYGFHAFFVTEE,0
QSYRAGETKGRTQEKVGQTMESMKDKAQA,1
EPSVADTISILRGLKERYEGHHGVKIQDR,0
XXMFLEKIVDAITGKDDGKKVKGTVVLMK,1
FVFNAIAPNGTTSEKKSIGIKEISKKIPR,0
GFLTINSQPAVNAEKSDSPSVGWGGPGGY,0
LSSVPPASKVFPLSKLDRAISFSIDRPSS,1
CWAFSAVASIEAVNKIMTGNLISLSEQEL,0
INQYSIDWSEVIDKKDLSKPLRFFLSKSL,0
TNRINDTVKKAGKGKHILNLGHGIKVGTP,0
DGSGNFKTVSEAVAKAPEKSSKRYVIRIK,1
NLAILEAVTDHPTNKIHVIDFDVGQGGQY,0
ETGGERLGERGYYIKPTVFSNVKDDMLIA,0
FAIGNGLTNPEIQYKAYTDYALDMKLINQ,0
CIEAESTIDYPDVFKRIMSNAPVPMSPLE,0
XXXXXFTAQAKNYDKEDEWGPEVEQIKPS,0
EQMTAGSGSSSSSVKYTRTLTNVGPAGTY,0
DFQQVGARQFPVERKWALGLQSRAHPREI,0
ANAEAESDVPVDPPKVEEKFGAIPHGLST,0
VANHLLKKIDKLNTKAEKEIIVTWSRAST,1
APPVQIPAPSPAAAKPSDSSVPPLKCPMA,0
LDTSYNGPGIKHVLKASLDDDKHDYYAIG,1
SVGKTSIITRFMYDKFDNTYQATIGIDFL,0
SSAFLLILLSFSVEKSHALETRETIESHF,0
XXXXXXXMAEEVSNKQVILKNYVTGYPKE,1
AKRVIACLDVRTNDKGDLVVTKGDQYDVR,0
LWTSDLPEDAEDAQKGDATNKAGGGEDAE,0
QRTPENGNAINGESKANSDMSLAVASPKE,0
RDDLAAALEEINEGKVPKDFAALQMLAEE,0
VHREYDDFIQELVSKFPHEKEGIIKFYSE,0
RPTLFDVFGEDASPKVKKFMKVIFNKLQH,0
KGGFFGDSIKWNFSKFLVDKEGNVVDRYS,1
SPTSLILILDLPPRKDLVQHPDYLKTFYE,0
IQRGNVHAVQFHPEKSGDVGLSVLRRFLN,0
DCTFIRVSGSELVQKYIGEGSRMVRELFV,1
EKYEKNPELFGQLAKGQSPKFLVFACSDS,1
GQTYSVLITADQEAKDHYIVVSSRFTSQV,0
NVAQANMVAPFTGLKSAASFPVSRKQNLD,0
DLRLPTDDNLLTQIKDGFAEGKDLVVSVM,1
DFSSDPWPSVSSSAKDLVKKMLRSDPRER,0
LKNYWTTLIRDINQKLDEAVPVKYPNQIY,1
NNARTAKQARLKQAKEEAEKEIAEFRAYM,1
FCGQAIIETKARSLKITEEVQRQVSLTKP,1
DKLRSGQQLPISRTKINMVDLPLGATEDR,1
KQMPGSLGHEEQDAKTFASWGVDYLKYDN,0
AVISEDTISEEDALKIKEWEVERLQDEIA,0
INAARVARLQDRYGKNVNGIEKKLGDSDL,0
EALELRDGGSEYLGKGVSKAVNNVNSIIG,1
WSEDLQEWNREMHIKCTYNGVQLSETEFP,0
EREMLRNKVPTSGLKTPFRDGLLKHVAQD,0
STAEVQDSEKASEPKEIVEPAESNGSEPK,0
ETRRYIESYKMDSFKILKAAYRSSGINNI,0
DGNFMSLADFLTFAKNATSVSGVMISVEN,0
TTFHSEVVRVQYDPKECNFDTLLDVFWDR,0
EGLFFLETSAMEATKLEDAFLTVLTEIFN,0
LSPVDFEEFSLPYLKQIVDSVKLTHPNLP,0
LWEADDWATRGGLEKINWSKSPFYAYYKD,1
LSGEKEGLLQLPSDKALLSDPAFRPLVEK,1
VAELRRVAWLDIYGKIETKNLIRKTSYAV,0
WIREGRVPLQTIRAKIDYCSYTVRTIYGV,0
EVQRQISGLSFQDSKSSSGYAYPSVGQPQ,0
GGAAASGGGDGGDEKSVVSYWGVPPSKVT,0
KGLQQRDDGKKDMLKVASCCKHYTAYDVD,1
ESEEEEDQKPSKTPKKDADVEMVDADSSK,0
EGAVILRDEVDVLIKVKKIIGGMRWNFKL,0
FFPSWAYAIPSWILKIPVTLVEVGLWVIL,0
WLNANYIPKCEEYMKHGLVSSTGPMYGII,0
IVDTFRLQEQPSFDKKQFVAYMKKYIKNL,1
NIPIHRSEIYIYELKGPNDQLCNQLLESI,0
LYIERNLDRKYFDWKIIHFSLRQKEDIEA,0
MATAVSAAVSLPSSKSTSFSSRTSIISTD,0
CADDNPLMQNYQVSKERAKSLGVEFTPLE,0
SQNVLPYQTARIGEKYTHWKKLGQGQFGT,0
IFGTMFWDLGTKVSKSQDLLNAMGSMYAA,0
KDNIALANEERLFEKKLNLPYLGDSGATV,0
MDFNYLIGYHPRNTKDFYHFVPQLAEPKD,0
SSITKHLRDDANAAKEYLVALRTTIRCIN,0
IHPISSDPGCDMVPKDEPDMDSSNKISFL,0
YTDAVVVVTCNPISKSRGPPKHKPKYTTE,0
EREEILRKSTAVLPKPAEPPTLGRPAELG,0
IVAQLLYLDAVDPTKDIVMYVNSPGGSVT,0
SVPASSTYTAVEAPKGEFGVFLVSNGSNR,0
DIQAQKIAELLLDLKVSTIVSGTKRASVE,0
YGDEEFGYRLWDPVKKKVIRSRDVVFRES,0
ITTVAGALATADAIKSLKCNKIKMTALQD,0
NTGYDEIRAAIKEAKTVTDKPTMIKVTTT,1
KLEENDFTGAVFEGKFYGPEEFKALETLP,1
WVKTSLAPGSGVVTKYLLQSGLQKYLNQQ,0
TAAQKVGRDFNTFIKTDNTCGPEPPLVER,0
FSDSISEEICNSAAKMANNLEVDALFVYT,0
IEHHLNFPPSVPSDKLTHVYTAVLKPDNE,0
KALISELGVPRPGSKDLHFETQYSQSFWT,0
VIPSFHLPMRSNEVKNRTFADDIKALRLI,0
RGAHSRLTRTITQQKIRALVSAHRDRDRK,1
XXXXXMALRASATVKSPLPPPSSSSSSTP,0
IDGHYPVRELWARAKSCWEKILVHESQSV,0
ECILPEAPDTSLATKNTVHVDIVMLAHNP,0
SQGRKFYGGIRVPVKKGRSQFHVAISNVA,0
QQDLSFVPSKRSENKEMVNIFKIITYLQN,0
HPLELYLSLLKIDGKLILIGVINTPLQFI,0
NGSISDQLYNVRNSKVAGGVFITNYTDLE,0
WIYTIITYIPLDILKFIIRFALSGRAWDS,0
XXXXMKVLVVTRSGKELIKGGLELTDSAT,1
EGTAYKADPKSDEAKLKVKFYVPPFLPII,0
SQGTISEEEAIRQIKEMMESKRRELLGMV,0
GINPDGGFYSLNNIKNAIRSAVGYTPGIE,0
DILPLQPVGRLVLNKNIDNFFNENEQLAF,0
VTIEQAQKNFCKAVKSGLLKILSKMGISL,1
AAVIARSAGVGENYKKLCTCDGTTIWEAT,1
YSVPVWALTPGLVSKLTTLKGKQANALYW,0
SRPRGIEELQTTLQKEFHCVNRKLNIAVT,0
SLIPAQTIPDPEDKKPEDWDEREKIPDPD,0
PTGSFLFLGPTGVGKTELAKALAEQLFDD,0
ASTIDFDEEIAEILKKVEPNARKIEEHCR,0
LRIRGKNILENEHVKIGAFHTLEIEQHRP,0
DQSYGASHLELENEKERSLRVANLIGFEV,0
XXXXXXXXXXMGVEKEVVRAGNGPKPQPG,1
ALDALKPELKSSIEKGIGFVQKEPVAAXX,1
IESGNWPNSSLIESKMKDLTDRTSTIKNQ,0
SLTVPELTQQMWDAKNMMCAADPRHGRYL,0
IQYNIFGNIFEVTAKYKPPIMPIGKGAYG,0
AILAGRRGKTAIASKEIDDSIDRIVAGME,1
FWFFPEFVPLYNVYKIKPWIIPSKLLLLN,0
SEQLSAEDFAIILAKHFTSFYQQVTAAIV,0
RLARMLENKRILQEKVVSSREAEFTRMKR,1
LCFFFILSHFALEFKPVLAQTTSPAFACD,0
SGSTLKKKSQKIRTKVTFHRPKTLKKDRN,0
SQFTPLLFSPRNAQKCKKKMPAMACIHSE,0
PYVPLTKAKREEFVKIVKEIGRENFIGER,1
KTVAVIVLDGWGEAKPNEFNAIHVAETPV,0
KSSSLFGESLRVAPKSSIKVSRTKNSSLV,0
VPYVGGKTKVAACAKHFVGDGGTLHGVDE,0
AIKNKNGIDIASLLKHVKENRGVKGFHGA,0
EKTLFPGLKSSIVFKEVGTPKTHRRYLAR,1
VAYALAGTVDIDFEKEPIGVGNDGKNVYF,0
DCLGADCIPRYVETKQIPDLDVETILTQS,0
MGEGSVLERSSCRAKGGAPGFKVAILGAA,0
QVVAGTNYRLIINAKDGGSVHKYLAVVWD,1
KGSKSGASMKCSGCKGSGMKVSIRQLGPS,0
LSGGFDVGDLFPSWKLLHNMSNMKARLTN,0
NYAIMMDLPLCFRPKEMVKNNQLAFFFDA,0
TSNPSVMLGAALVAKKACDLGLHIKPWVK,0
AKLAEQAERYEEMVKFMDRLVAVSASSEL,1
AGGIDESESEVEELKPCDPQYTDYTPCQD,0
MLLTEAELDKDLIQKARIFHYGSISLIAE,1
RIVGEEHYETAQRVKQTLQRYKELQDIIA,1
FMKIPVKNPSFLKQKRPFFALSVSAIATK,0
SCSTAPIFVRQSNFKLPADNKVPIIMIGP,0
GALLLDGNTLNYFGKNIPINLVVAVVAEV,0
IGIDLNPSRFNDAKKFGVTEFVNPKDYDK,0
SSEYPYPRRGRTGRKPTKTDPNSESRIPL,0
EFGSGFGGTFMTGSKHNDEFYMDEHGRIR,0
DRNFEYGIQRDQIGKDTLNHRTIMKYTIN,0
VSAVLTSRAIFQRMKNYTIYAVSITIRVV,0
LAAAILGGVDDIWIKPGAKVLYLGAASGT,0
YILDEGDTLISKVNKEIVKIQRVVAPVGQ,1
LLIHEGVKAEEEYAKSGKLPDPSSTDNVE,1
TAAVARLINDIHSYKREQAESSTNMVSIL,0
GGNPDIGMNAAKESKEAIEDAVRGADMVF,1
YVKAPSFLSIHLGVKADVLPPDTDCHHFT,0
FDMLGNLHINNYLRKGNILYIERNLDRKY,0
KWLIKSSLFIKKMKKELSKVNPIVLFRLK,0
NYQPPTVVPGGDLAKVQRAVCMISNSTSV,0
SGGEFTVSGADEILKALXXXXXXXXXXXX,1
IFYEENESFSRRIRKKWVRISCGNDLEDP,0
FLKSLTLEDVPNHGKVHFVCNSWVYPANK,0
PLSGTLFLSLNELTKPQLTTIARAFLGIG,0
HPFTKQRDGLFGFSKGCLHMHRWDELNNL,0
QLPNGPRSDAVQAVKKMRIEEIEDDEMED,0
LEDGITTSLWDQSGKAWKHLLHELSERSD,0
HTLEIEQHRPFVLRKVVWDSLAREVLRQA,0
GSFMANHFDRHYCGKCGLTYVYQKAGGDX,0
GAGGSTADLTLEISKRMQNMVCVETMMHL,0
YKGDFSLPGAVLRSKGLNRIGNLLVPNDN,0
VWTLDPSERDAYLAKEATKRWTKSNFVLV,1
INSVTFTWFDAFKNKNKAAQQNIHLEKAA,0
FGSGWAWLAYKPEEKKLALVKTPNAENPL,0
MLVGAYPFEDQEDPKNFRKTIQRIMAVQY,0
MVVAASIMTNWALGKHRRLRKLFDGKEGR,0
GFRNSQKAFISWIDKVKAYKVVPXXXXXX,1
WEQYLGLEHADNAPKRSYASNQNRHTFEK,0
MVTWPLFAEQFCNEKLVVQVLKIGVSLGV,0
HDASSDLRVVGDKLKDILEISNTSLKTRR,1
NSAILYATRGSVFNKLKKPNAAIRDADAA,0
LDTNSLNPGDQIFEKMTSGMYLGEILRRV,0
ATEVPPASATETVAKQPHKLERRWTFWFD,0
KSCKARGADLRVHFKNTRETAHAIRKLPL,1
KIEGAYSMVFVTEDKLVAVRDPHGFRPLV,0
GLTGHERYTIDLPEKISEIHPGQDVTVRT,1
ALKERDGSSRIAIAKYIDRVYTNLPPNHS,1
FCYSLALAYLNPFDKPQAVLPEDGENAEN,0
NSTNPLLPSSTKPSKLILSSSFTPNCSTL,0
GEIPIPYKPDIDLEKIHFERFSFEETVAV,1
IRIVNKLLNGEVGPKTIHIPTGEKLSVFD,0
AIMSYWDLSQSDRAKYGIMDNLVRFSFGV,0
AAGPQRSRVLATLYKDERCSKLKIYPILQ,0
GYIALEFAGIFNGLKSEVHVFIRQKKVLR,0
KMDGAGQAPPPETDKWGGGSKPDDRPSWR,0
NLLFATCFNSFGGMKIFFPNMLKWIAKAG,0
PADDYTLLIGDWYKKNHTALKAILDGGKK,0
SYPIIGSCFSILANKERRIQWTSDIMQNT,0
ISDMFLPWTTDTAAKFNIPRIVFHGTSFF,0
IGLFFAILIALIVSKLRSKRFKLPPGPIP,0
AICLGFELLTMIISKDNNILEEFSAANQA,0
MTCISLCIGATTALKFVSNCQNHSAKLFS,0
LVAMWEKMIGKTLEKIYIPEEQILKDIET,1
VVARNAPEAPPVPPKPAAPAGTPIVSSLP,0
VFSVSNDGLIRVGIKKRKLDQINQAFGGI,0
LALAEHASSILPATKTYHLGISRNEETLQ,0
XMASISAATATSSTKLVSSNSTNPLLPSS,0
VPYANAPYKSLTVEKAIQNWVQYEGNVFR,0
QLSSRYITGRHLPDKAIDLVDEACANVRV,0
VSQVYQTIQIDNISKMIPFFDFTVIEKIS,0
NAGLGGFAAALHSPKFWVMNVMPTIAEKN,0
RELSKEEMDVLDGLKMEATEVEKLFGRAL,0
LYGLVASQFGDIQTKLSDNETVEQFLRRY,0
RKYMKLLFERESFQKTKAAKEYVIAGWAP,1
SMSCPHVSGLAALLKGAHPDWSPAAIRSA,0
ATSLGCKGSSVSQSKAFSVKFYSKNSLKS,0
SLNKLSGTIPPSLGKMHVLATLNLDGNNI,0
RTPLRPGGGVVFGPKPKDWSVKINKKEKR,0
ELDARRAEVLGNAAKIIQRQIRTYITRKE,0
MSAMSSATDNATELKKNLSRVYNRQRQAK,1
GDCKLVRYKARLVVKGFEQKKGIDFDEIF,0
KVDQLQDSVQRLEEKLSNMESENQVLRQQ,0
ILNRRKIKNMEMEEKVRREIKILRLFMHP,0
GMLTNWSTTETRLHKFRDLRMEQKTGRLN,0
IGSSSAQLSTGFYSKSCPKLYQTVKSAVQ,0
TVPAYFNDSQRQATKDAGVISGLNVMRII,1
VEPPGLFRGRGEHPKMGKLKRRIRPNDIT,0
HRMVIERLRRLNEEKGFAVAIMMDTEGSE,0
SERKEAAENTLLAYKSAQDIALTELAPTH,1
DTGDTRETPAIDVCKGLLGDKAKLSIYDP,1
IRYSQQPDFRRGIIKGSMRAQRRKTVIWK,0
XXXMVFYRGVSLLSKLRSRAVQQTNLSNS,0
MKCDVIASGIVNAAKQVQLKVPVVVCLEG,0
KPKEEKGKLQDLTGKLLKTISDLDHAAKT,1
VFIPPAEEAAVAALKRALGALNIHLASNT,1
AEYYRITNGLDLEDKLHPGGPFDPLGLAK,1
GEEGKGVRTRMRDLKDAAAKVLSQDGSST,1
NIFKEDVVIQFINPKVQASIAANTWVVSG,0
SFRKIRLRAEDVQGKNVLTNFWGMDFTTD,0
IRGDQQHFVRRDELKAAWEIFTPLLHRID,0
LSEEQLLSEIEYLLKNGWVPCLEFETERG,0
FGTRWTRPQSTTLTKNLLDRLNRFAANLK,0
WLAFWNDPINPREFKYVFLAASSSLKGQS,0
GGKQEKFKVQVHHNKEGAFQLNHMEPDHS,0
AGLLFKIGNSLDEWKSVVKNVSSMVTTEV,1
FSPDGRVFQIEYAGKAVDNSGTVVGIKCK,0
NGVIFPPPYKPHGVKMLYKGKPVDLTPEQ,0
SGVRGVTSNPAIFQKAISTSNAYNEQFRE,0
MKGLSSLVNRVLRRKDSGIICLFLAESLS,0
LLLPRANLTFWRDGKLVRERNAMLPTISS,0
VEVSTSKTGKHGHAKCHFVAIDIFTGKKL,0
PVEETRKKIWLVDSKGLIVSGRKETLQSF,1
YGILKYPLTTESAMKKIEDNNTLVFIVDI,1
LMLSGESAMGQFPEKALTVLRSVSLRIER,0
FLWEDKDFAVKILDKCELFTIVGIQNLID,0
RLTGKHETANISTFKWGVANRGASVRVGR,0
QNRYNASRGAHLNLKRAEKARILVNKIPA,0
GAAFGFPETPEDAAKAGLVSGXDNIIDRS,0
LSYSVEQADVENFFKDAGEVQEVRFSTHE,0
VPEVQLSQYVPALEKLATLRLLQQVSQVY,0
SKVLDIYETRLAESKYLGGDSFTLVDLHH,0
PASSLSPLPAFSLVKPMQMNDVLDASKEK,0
LVIGSIGTGRSYLVKYLATNSYVPFITVF,0
KENEEEVSEFLQLIKYVSGSYDSGEGFSL,0
MESENNQGNKKVVHKEVDVRNLGMNERQE,1
APNSRPSASAGNQAKDVNQQSKIVPNEPK,0
NHPHFQITLMTADRKAGQSIESVFPHLVT,0
LRSVLQYNRTSFFLKTKIKDYFRTLGIFH,0
YLTSFLTPAMVNIYKAIGEAGLGNNIKVS,0
RRAILGESDEFVGDKVAYAISQGLKVIAC,1
GYIDMSTVDADTSSKISEAITSKGGCFVE,0
TDGSLGDMLYFHSFKKGDPDNPDLNPGLI,0
GAKLYDNSAMENLLKSIETIRRFRAAQFD,0
EIHGAHGYLIDQFLKDGINDRTDEYGGSL,0
MEGFLVFDYYHLYPKYLEMVIPQIKAGKV,0
EVEEIEEEVEKVRDKEVTLFSKLFEGFKE,1
FSYGSGSTATMFSLKLNEGQHPFSLSNIA,0
ISLENGNPAIANRIKECRSYPLYRFVREE,0
DVPGTHEFLLLDEGKWQHVKDTTEIEEGK,1
EVLHLLESPEALKAKVAEAMEVLRNVQQT,1
SLEVASEYFRSGADKVSIGSDAVYAAEEY,0
RENWIWLDNVWLVNKDRFFSKVQNVSSNI,0
ALYPSVLDTDGNPLKVGLRYFVLPILRGT,0
EVVAVGEGRSAGKTKVDISVKTGAQVVYS,1
EAIRNAGVECPLLCKEFVVDAWQIYYARI,0
LGRKLVAGSAIGGIKETQEMVDFAAKHNI,0
RGTGGGLILSRVVDKNVKNCPQDIVQDPN,0
ENQSNSNPASLTGKKILVPGPGQVIPGKK,0
AEEKHVSMYDEMTSKFSVEYIAGGATQNS,0
SDIEDQIMQMNVDEKWKNRSGPVKVPYTL,0
TMMDIQEMNERPYYKLLMDNVEELLPIVY,0
TGEWHVIMACRDFLKAEKAAKSVGIPKEN,1
EECEIVELMQQIDLKTKKPMKKKPLFVKN,0
SGSSYLYGFFDQAWKEGMTQEEAEKLVVT,0
LDEYMMLRHDREEEKRRLRDQKKFHEQIS,0
AIQLQSCWRAMLSCKLYEQLRREAAALKI,0
FFSNSYDAIGAYRQKRINLDSPLWLRWRL,0
QEDNKKWKKHVSAYKKINKLLDTGRYRNI,1
QGVTGFGRNISGLFKHAITVGKRVRTETN,0
XXXXRPPAGQVIRCKAAVAWEAGKPLEIE,0
PAGLDAELQQLRDLKRVNQELLVQTEEHL,0
DWVFPEQALPTDLIKRGVAVEDSSSPLGI,0
LAAIAPALEKLWEQKDDRIKEFFDVQSQI,1
LFLYITILTVMGVSKSESKCSTVGIQGIA,0
RKGAKGGNIIGKACKICSCKYQICSKCPK,1
SRRNTSIQCLSQEQKWTHEGSITESLPNG,0
TSSHRFFCHHLHQLKSPTSLSAQKAEFKK,0
GSLQDQVIYGVGNLKSSCHPFTKQRDGLF,0
YAIAFQERIKISDDKMKYYENLAEMYVGD,1
ANNGKPEAKVKEAEKSNVAKDSASGKQKV,1
IVVATMGSLCQMLEKHILKLDSCQVLVVD,0
LGINEISQVVEDYRKAALNAIEAGFDGIE,0
ANKNAELQRLTGIYKNILKNAGVTLIEGR,1
VAKLPLNELVAETAKEIELRLLPKLDMLK,1
SLDILGLGTGPEIEKKLKYAEDVCAGVIF,1
LANEFIPFYDRSVIKDPNGVGMSIWNEMK,0
WVKPWQNFKQLEDFKLIGDAASAXXXXXX,1
KKIRRLGALPGLTNKKPRNGSDLRNQSRS,0
LAKFQDPAEADKLFKIQRELDETKIILHK,0
SKTRLIGPNCPGIIKPGECKIGIMPGYIH,0
RIVTVCLEGLENILKVGEAEKANTGGINF,0
DYKFVFCPSVCKICKVICKDVGIYTKDGV,1
SIPRKHGPAIAGYDKALNKFFDNVLQAFV,0
PGSEVHSRLSSFLPKEDEQDMEVDTATSG,0
LEFQVTHLGTKPAPKVASYSSRGPSQSCP,0
KISVDAVRRNFLAIKVDHMKGLSSLVNRV,0
PSMFGMRLRIALAEKEIKYEYKEEDLRNK,1
IVIFTVLLKLTFGGKKQQPARATGEPKKS,0
DAPNFYYTLEDVLFKEVEKKEGLTWSVHR,0
IREKYSDRIPVIVEKAEKSDIPNIDKKKY,1
SLKNDISSADIRGYKGHDMLAPFTAGWQT,0
YVVVGGGNSAGYAAKTFVEHGQANGKLCI,0
DTLDVDVGTSPLGAKITITSLKRAXXXXX,0
MILDKMGLMGYQIGKTKVFLRAGQMAELD,0
RLDNSSDVNVLFKNKQNTYLVNGVPQKGW,0
VELHALEKEKDKASKARLIEVRKELDDLR,0
SASDISASMVAEAQKQAQEELFKDKDDQS,0
VQPGSKERPTVLHYKKSLNEYINGGTNEL,1
FNSNMGLIHTPCSEKDLSSEKRKKRSLCL,0
VCIAGNSLSTHRRQKVFRKDIYGRKILFS,0
QVLRQQALTMSPTGKTLSARPKTTIIQRT,0
EETQSVGQLREVSNKANNAELKLYLEVEF,0
IGGCFSSDILAAMDKAIDDNVNVLSLSLG,0
VNFINEKSGTSRDSKGQFTLNAGIVESLD,0
VENSMKESAAAPVEKEIKSTVTGGVGDVY,1
SNRNCLYMISNEIIKEVDWKESTRIIXXX,0
WSNGPETESPTVENKQCAGKDFVVLVSRL,0
IPLEFLACGCSSNNKVLRNVSRGFTARKL,0
KNNMIQIPLEDLPSKLRSLVRNAKKVEAE,1
EIKRCIEMVMDGGEKGEEMRRNAQKWKEL,0
KKKGKSYVSLYGIEKAMEVAEDLRAQAKR,0
ETKEELKTVALGTSKINYLDPRITVAWCE,0
MLDSLGIHQVFLVGKDFGARVAYHFALVH,0
DEVKDFISKQVIFYKRIKRVFFVDAVPKS,0
EAMTKFQEMAEAAWKDLNEGLLRPTPVAT,0
IMGFDLLDICINGPKEKLDSTVLSQPAIY,0
RNQHIVCMSVQQASKAKVSVSPLSLEDAK,0
VPFITVFLNKFLDNKPKGFLLDEIDIDDS,0
PHVNIGTIGHVDHGKTTLTAALTMALASM,0
GSRDVSMIIESVVDKHNGASNGLGDEMCR,0
LRQNLQNLSTEEGEKFQQPPGKQRELGFT,0
RVRLANEADISHIYKLFYQIHEYHNYTHL,0
RTFVHEKVYDEFLEKAKARALKRTVGDPF,1
WKKLSEAEKAPYQAKAEKRKAEYQKNMDA,0
LAITEAERGIPDILKRVRAIFERVGLKYS,0
WSQGTLGLLVSAEIKLIPVKEYVRLTYKP,0
TALTLYADLLSSPKKSALLALAACASDPN,0
EAERRKKEEAERQAKLDEIAEKQRRRMLE,1
NKSRIILVHTTSGYKHSLKEVLEAPNVMS,0
HMDGSGVHTFTLINKAGKSTYVKFHWKPT,1
ALVGALMPEYDPVAKISIIPRGQAGGLTF,1
INEFGNEPKSSLNLKDLSLFSDQEQGRVN,0
XXXXTKEGVVLAVEKRVTSPLLEPSSVEK,1
LSHGFRYIMTKSFTKEFPHVERYFWTVVN,1
QYGEMIWNLLVSGVKPDQVCSQAGLCYFN,0
DAANCNGGKWIIRFKKAVSGRFWEDLVLA,0
SFALNRQLSMDDLTKPVDEESIKVTMDDF,0
ITAGLCILIKHEEEKKGDRYEAIYSFYFG,0
LRLRGLFEYEIQSWKYSIPLFFTTQGFDT,0
ASTARPRLSFQPLAKKFAISRLIPTGISM,0
SYKTAKRPTPNYSFKVQAMIEKEVAVSHK,0
CSRRLQALSSQERSKMLQDIANALEANEK,0
LSPAELYEQAIKYEKGSFITSSGALATLS,1
NAYNEQFRELVQAGKDIESVYWELVVKDI,0
XXMGKGPGLYSDIGKRARDLLYRDYQTDH,1
TSLHDVNIEEEMRRKQAAQQEAYDEDDEM,0
QSRAHPREIMTEVLKALQGLNVRWKKIGP,0
DIMHGSGISWRILQKKLCLPQWNLISEIS,0
SFFRILTTSTDKKNKVYVSTAQARRYPVT,1
QIIGPVLDVAFPPGKMPNIYNALVVQGRD,0
PSWADLYAQDVCFIKGSTVQGGLGPFGLI,0
FRNLSFSSSHIYGDKLMSMATLHSQQRHS,0
TGQDIPPRVIQTMAKSPNLAGVKECVGND,0
YDLKQQGFIERQEVKQMVVATLAESGMNL,0
HRGKVKAFPKDDTTKPCRLTAFLGYKAGM,0
PLVMRDPKVFDNPEKFVLERFTKEKGKEL,1
IGLVTSREEIPELLKHDDVIDLVIPRGSN,0
RYASDGVNKILVGNKSDLTANRVVSYETA,1
FISPVFTSLAEKYPKAAFLKADIDEARDA,0
LWTSDNAEDAGDDIKEAPKHESSEGQQXX,0
EQVKSMAQGAADAVKHTFGMADTDEDPTA,0
QTYLKTYSDPCVYFKRFSENNFIILLLYV,0
TTYYYLATTSYLGMKSATEQDFEWLSKNP,0
XXXXMGRVRTKTVKKSSRQVIERYYSKMT,0
HDAKLGGLDIPAESKILVNAWWLANNPAH,0
FEETVAVLKLKLENKNNFDLALNSLDYDL,0
FFCAKHAARVMIPFKKRFHYLHSKLLSRT,0
RLPSTAYGSLKSAFKQFMSKYPTAPALSL,0
AKSILIGKVDCDEHKSVCSKYGVQGYPTI,1
DVAITHLSYGAEFSKAVEQKQVAQQEAER,0
FFGKGVLSDLLDNRKQRILNTIRNSEELR,0
DDAVQKDTELQAWWKELREEGHGDKKDEP,1
LMVTAQTPTNIAVIKYWGKRDENLILAIN,0
LFLLRALVMEEGTEKKVSATTGFITGQLM,0
GYKAGMTHIVRDVEKPGSKLHKKETCELV,0
QARDTLDRVLECLDKERCDTFQDCITWAR,0
DEALSTVPFLILGNKIDIPYAASEDELRY,0
GTGTGAAPIIAGTAKSMGILTVGIVTTPF,0
VRNVPRGLGTPVFDKLEAELAKACMSLPA,1
VVEEFNDKFEKPKTKEFIDLMRRWGLDPK,1
EDQKIRDCIKNYVQKNMRTSSGVEGIARI,0
WWKGALASDNVDDVKISNRLADTPCVVVT,1
XMVNVEDGKPEEAIKPEKTNGEDSAMAEE,0
IFAVNMFDDIERFLKVPDEWAPPEIKPYV,0
GRFPHLRSDGWLEIKLGEFFNNLGEDGEV,0
IEKADGFAGVFPEHKYEIVKKLQERNHIC,0
DVLTNFEERWLKASKRHGLQKMKASQDDA,0
SSTPVNSVQENGGAKPLKTVLANTDXXXX,0
SSVRTVMSGAAPLGKELEDTVRAKFPNAK,0
VFPQGLLHFQINSGKTTGLAIVSFSSPTP,0
CTRIPQAASEGPEAKAVQSPRACATRFPT,0
IALTHIRNNREAIDKIVEVLLEKETMTGD,1
RRVAAYIYKKAGRWKQSIALSKKDNLYKD,1
FGKVKIAEHTLTGHKVAVKILNRRKIKNM,0
ETEQRPHKVSFYVQKDKAQDITGTLSKRL,1
KILAFEGELKAVLPKEVESARISLENGNP,1
SILDRAIDSVEAQHKDFLRLEHVEGYHEL,0
KILFPFCLKPWHISKLYSSRGELMKKKKQ,0
KNQQTPKSGGAHLCKTCNRGFGSENALEF,0
APIFLGSYDDVEEIKRLYAAEEKNXXXXX,0
TYKVSTVFSSSNSVKVSVEPETLVFTRVN,0
DEDDDDEDEHVTKTKKKSSAGRKRSGGAP,0
QTLELVKGKPLILLKWAGKDPSLPSVLLN,0
DVSLDVSARVNDLVKRLTLEEKITMLVNT,1
ELINRDFGSYDAFVKEFKAAAATQFGSGW,1
EYIWIGGSGMDVRSKARTLSGPVDDPSKL,0
IGHVRYSTAGSSMLKNVQPFVASYKFGSV,0
LVQQARNEAAEFRFKYGYEMPVDVLSKWI,1
LFSHPGRVRRLPIQKGLFNLGIRCVVAAS,0
GSKIFPSFVSFRKSKDASDGTEQALLDEL,1
VVKANGLKNHEMIGKSDPYVVVYIRPLFK,0
NLPLAFTGQEAIWQKVFLDYNITTQDLND,0
QVAAIAAKDNAKTVKVELSEGARAGVKAS,1
PGCFEIGVVAQQLGKSQKYQAILCIGAVI,0
ESTALAKRDKIIKNKTIEIDLESSFPRLF,1
ITFSRNTRHLSHTSKEIYSLIRKRKNVNG,0
ESYAKPAMETHVEGKQEVYAGSGSRGLPD,0
LLKSKFGFDEAFNYKEEQDLSAALKRYFP,1
LVIMAMAILAINLNKVSAGDPDMLQDVCV,0
AVALNSVDDIYERFKDYCLGKLRSCPWSE,0
DIRVPPTADQASLEKRIAEEWAPASRNMT,1
GGWEFEVASVIEDVKKNPESATNGIVLRR,0
DKHDYYAIGTYDPVKNKWTPDNPQLDVGI,1
FTGEDLANYASLYEKSSFRTALQVPYRAW,0
ADIQAITSAAHAIVKSACENTLHPELCYS,0
SAEEARKQIKSIWDKADVIKVSDVELEFL,1
GFACALDLVKHIRAKYGDYFGITVAGYPE,0
XXXSRVETTPFEGQKPGTSGLPKKVKVFI,0
FTERLYPNQDPSMDKTFANNLKNTCPTSN,0
GESKKAVENSPFLEKLKKKGYEVLYMVDA,1
SDNQSEVGIQRVSRKAAHSFNLIPCRVMK,0
DATKGSDHLRDVFVKQMGLSDKDIVALSG,1
FDNVLQAFVKHVDFKVVRCAVIASPGFTK,0
HLKAHVLPTFFDVGKGVEGSLKRSLYKLC,1
ETVEEFWSLYDQIFKPSKLTANADFHLFK,0
XXXXXMDKSKRPFLKFKRSFRRRLPPIQS,0
AESALSCVGINLAEKTKLTILKDASGIIK,0
VPSEILDPMNTWPDKKAHKDTLLKLGGLF,0
AKKATKVVSSSMKTKKKLKKSKYSKSSKL,0
FISLKEKGKINEVLKNWPERKIQVIVVTD,0
FFDTNPFFTNSVLTKTYHMIDDDDPILEK,0
LRSQLPDTTKLLVAKNTLVLKAIEGTKWE,1
AGIADDNGYGWAIAKSLAAAGAEILVGTW,0
VLSPFNFSRRATGEKDVQFKVMYCGICHS,1
TEEIRVNGKDKIKDKFHSHLTETGYNNIN,0
VGGGTGATVNMIVSKHPSIKGINFDLPHV,0
GKKGSGHVATPHPSKQAGKSPANKNQQTP,0
VVGSPYYVAPEVLLKHYGPEADVWTAGVI,0
NLCQTRHKEELQQMKRWFTDCKLEQVGLS,0
LEKVAELIASITLDKYPQVSAVRVQVGKP,0
PKVSGLKKHSTEVQKLLDELVKIEFPGSK,1
FFYLLGAWQRSGFGKGDSIALAVTKTAGE,0
RSRFSSHGFLLPNLKIKFYTNNPSPLSIS,0
SGFVGWLIGHILFMKWLGLVLVWIRQNHS,0
RPPWVVVGMRNVDYKRARHFEVDLSKFRN,0
TPHTNPPPENDDAPKDTKGIWWIKSILGK,1
EIPSDSGITFNVKPKMKALEIAERTRDAI,1
CSSELALFYENGPFKLSNNMSLVWNDFGW,0
QSRHLCSKLEAEVSKLQMELEETRTSLRR,1
VLMQEGLAHILLIGKSVTITRSRIETSIP,0
NINQDIKQTFFAVVKTFYYSAHVSEEIMN,0
IIRGYMLITQSILRKYIVLPSLIIAKNLG,0
TLGELLKKKASEGVKVLMLVWDDRTSVGL,0
ASRSTEVENCEINGKMFQNVLSVIIPNCP,0
TTRNVEVAECASSGKTPYHMRLMNFDESW,0
DLMTITRFVLNEQSKYPESRGDFTILLSH,1
LVLTGTCVHVEGELKVPPEGAKQKVELRV,0
GYESYFANQKWRLTKGSLVIAKGVARGTL,0
SSGAGTVEHFSEVFKETNASAALAAGIFH,0
SDPLFIEIGEAFIRKQIEEYGDITDIYNC,0
TTSADEGQFLNMLLKLINAKNTMEIGVYT,0
LYANVRPCYSLPGYKTRYDDVNLITIREN,0
TPEIDISPNKTNNIKKFESPKKIFQILKR,0
ADDSELFGAACYAAKVTLTALGEMFEAAR,0
LKSFNPQSDIDTIIKQSPLPTLFTYRPTW,0
CNDQNVQFDSLPSMKYASFLNSDGSVAIH,0
YFSNDNVKVGDLIVKDQDFIEATREPGIT,1
AKGGYILSDNSSGNKPDVILIGTGSELEI,0
VWPDENAWERAQATKPPMLPEDFDKPEFA,0
PIWLCPHRLYRLPLKTMVYPEPGFEAHRR,0
CSNFLCDLKPGAEVKITGPVGKEMLMPKD,1
NRRFLFFEKSSSLPKPRLWYSTEDVFQAL,0
AYLHAEADVERALQKAGWKIRKRGLIATQ,0
LDLYAADFGWGRPEKLEFVSIDNDDGISM,0
EDASILVPGDLISIKLGDIVPADARLLEG,0
VSYFLAAASIFEVEKSRERLAWAKSRIIC,0
EIRTIWISYWSQADKSLGQKLASRLNVRP,0
QYRSGIYFYTPEQEKAALESRDKQQKILN,1
YGRYGNPTTVVLEEKISALEGAESTLLMA,0
QRSLLEVMAEFPSAKPSLGVFFASVAPRL,0
NCQENARVLREGLEKSGRFNIISKEIGVP,0
LCMTGTLIPEKVKGKIVLCDRGINPRVQK,1
HSINQNVPKGNSGCKFPKDVALMVWEKWG,0
TSEEASRALSEMNGKMIVSKPLYVALAQR,0
NIQSSAYTSLQVGEKKNHKKNAFVHGLKE,0
LLALKPEERKVNLDKELESMQLLSNKKND,1
KDYFRTLGIFHSELKHKKLQSYRINQWKN,0
LQSVEEIMKIVEEAKTPAPASRSVSGFGW,0
GIKEISKKIPRWSHKLITELEQQSGDYQE,0
TPLQFISPMVMLGRKSITGSFIGSMKETE,0
SDTVTFMFESPTQDKIADFEMRLMDIDSE,0
EERQCCITTVLLSSKNVTVADGLTWTHVH,0
SFDGAEVGSTTLNLKSAPLDTARAVVHRG,0
KVFKGKIKLFRRISKETKKWLIKSSLFIK,0
SCRSAQENSAARICKADDPDNVWYNKMET,0
QPSIEAKVHIVYTEKPEDLEAEDYHIKTL,0
ADPSVVNLKAKTHEKVDSLGENRSIAAHT,1
RIDEIIQDHISPVAKVMLETWLDLCACAE,0
LVEGRAICLHPLVCKGFNADFDGDQMAVH,0
IRKNFIRLLPGDRVKIEVSRYDSTKGRII,1
TSTIKNQIERITKEKKKVTPEIDISPNKT,0
SNWISYDDTQSVRNKVNYVKGRGLLGYFA,1
AKDLIRKMLTQEPRKRMTSAQVLEHPWLR,0
EVKQAESIPAPPSKKPAPAKEPAKPKAKE,0
ILEEASGVILVTNEKFPNFCAWKDEYINC,0
SSEIAGISEHVENPKVDESDLSLKKLDEF,1
SITTDHISPAGSIHKDSPAAKYLTERGVD,0
DWEKVMEGDNIIGLKQGKQSISLEPGGQF,0
QSSNSSRSQDGPPRKKVFVVIGINTAFSS,0
ECASGGKWTVTSSRKANLETMWLETLMAL,0
VGDDLNHRNLTDYAKKFGDLFLLRMGQRN,0
TGGSGIFAGVSGQVKLQQIIFPFKLFYTF,0
FTSLCHTDVYFWEAKGQTPLFPRIFGHEA,0
PRASIYFELLSKSLKEKVDFKLEEWRKEW,0
SFTGGALADKFGRTKTFVLDAIPLAVGAF,0
ESRLNLLQRNLTMYKGIVPELVKYSPECI,0
RRSMIADDSLSECAKKGIPVKPRKGDALL,0
GAAGGIGQPLAMLMKMNPLVSVLHLYDVV,0
AVPMPVAAAANEAFKKARSLGLGDHDFSA,1
TVERTEGGVVVVNPKPKKGVIGKAIDLLE,0
NNTYGSVVTGANVMKVPGLNTLGVSLSRI,0
SYLYKWYFELGTSMKRLTILLYLLSCSAG,0
VDELGVEGFRAEVVKRMPQQKLDRESTED,0
STTNVFGRIEWSDGKHVVGSPVAISWIXX,0
EMLYEDPVTGIDIEKQTLTTNSGKLLKYG,0
DVGILIVCGMGGIGKTTLAKFIYNSNFHA,0
GTLHVTIYEVDNLQKEGGGHFFSKIKEHV,0
SYCGAQIFEIYGLGKEVVDVAFCGSKSSI,0
LHTLKGHVESVVKLKGLDIETIQQHYTVX,1
QSAGMDTQPVMTAAKTVVDAAQQTSKVIE,0
ATFLRPLAAVEAPEKVVQLGDEISNLTLA,0
VVVTTAGGIEEDLIKCLAPTYKGDFSLPG,0
DDYCHKHQPPIAFIKAEVRGLFGSVFCDF,0
LSQPLDKPFCSLSQKLLSLSPKTHPKPYR,0
DNQLPAALKRLQFDKQLSMDNVRKLITEA,1
VDFMFNSSKEISSLKRLLTSYSSSKNRQT,1
QQPFPANLHTSTVEKKLESLPSMVAGVWS,0
NLRNAVKNTVSQVAKRTLTMGANGELHPS,0
YHLGVVNGALEYLAKDLGIVENTVIQGWI,0
KMAEDSYEDAIAGLKKLLSEKNELEDAAV,1
NTPIPLHDHNEFLNKDEYLKGIDVYESII,0
LNVKAEDKASGKSEKITITNDKGRLSQEE,1
LMSQAGSSHCIYSEKMKCISGHSSITSNM,0
HKNKEEEEGPVDYEKEVKHHSHLEKVGEL,1
EMPFIASMGIYVISKDVMLNLLRDKFPGA,0
GQPNRLESLRIAMRKAGDEVKGAALASDA,0
WTTPLGLPVVQPYRKIGRHLIKTSLQILT,0
EFLAAELTTTRELLKKTNEEMHTISNELA,0
VAPCYSMNKIEIDTKLPIVGDQKWVIWIC,0
LVDALQNLGVDRYFKTEVKRVLDEIYRLW,1
ATSLYVSEMLGSPVKFSGVARPAAPTPSS,0
LDNEALYDICFRTLKLTTPSFGDLNHLIS,0
DLVKTGIANQTTMLKGETEDIGKLVERTM,0
IGSIVTNDLFNEMLKNRNDGRCPANGFYT,0
ESISNFISQVSSLVKLVDSRDVVELHLKQ,0
RLSRSTSLGPLFVNKEEDSATYAVTEEEE,0
TGMIIGGWDKYEGGKIYGIPPGGTVLEQP,0
TGGMGAYSPAPVLTKELQSVVMESIIFPT,0
PSEFRRTYLGLHKPKPKLNAEKAPILPTS,0
KITRLLREAHESGVKIVTGVEMFIGQAYE,0
TLLFEELNKYRTLPKISGDDFKSIFSELD,1
EHCQYFLYQILRGLKYIHSANVLHRDLKP,0
SSTPGPTTSESELRKYIGYTLLLLGCGAA,0
PWETYKADLSIDLTKHHAPTTFLDKFAYW,0
DKAQSVCLSVNIDGKKLVLGTLSSDKVPQ,0
SKIKEHVEETIGFGKGTPAIYATVDLEKA,0
HIELILSEKEESVKKEAETQLAASKSRKA,1
GGVINRDNARDIKAKFIVEAANHPTDPEA,0
KSWIFELREILREIKNSHHFLDSWTQFNS,0
FEESFNDGWESRWVKSEWKKDENMAGEWN,0
IREYTGKVDELIKDKIEAQNEAKAKENEE,1
LNNIRNWFRIQPYGKGYRFVYCPTLCVPC,1
HGNQSTYEQQQLAAKVAEFLKPGATVKHT,0
QAYRPSHADATYDFKYGVRSVQGGGRSSA,0
AVFNEEHDIGTYTIKAVDDPRTLNKTLYI,0
GRSEGTTIFVRGFDKNEAEDQIRSSLEEH,1
ERLNHSSDRIRESRKTMLETEELGVSILQ,0
DSFAPRDGDQDNPDKVPDFVETMVYNPTE,0
LVFVIVNQSSDLSQKNSHSSETLTPALSR,0
SLVSSSGFVPLSNNKRGLSGGVVAMASAT,0
IYDAVNHLFEQGRTKVWAEGSLEETVQNA,0
LESGKPAVRECFEVKDEWLDRLKGFLNEQ,0
ISFVTDLNNSLSDGKLEEIDQKLLRNFAF,0
SRDPHLFAYSFNKGKFEVEEIYNFSQDDL,0
GSETTSVWLEVDEVKGDDVVCVVKNSATL,0
FLGDGIFNVDGDIWKYQRQVSSHEFNTKS,0
GSKLKLSWKLSSITKSEKGGYHLTYETPE,1
NERLIPILATAAVEKTVLDFQDILQRFAF,0
RRHGLIMGCSVTGVKPYFGESPLQLGPKV,0
VMPASYSLERRIVLKALGSELYITDPAKG,0
WGETLFSALSRAGGKAFSNMAVGYNNVDV,0
DSLYVSHIQVNQAQKQRRRTYRAHGRINP,0
RVFVIGFSIIVFGNKISTQTGIGTCIAIA,0
KSRMVVVSATTAAEKSNKRYPGEAKGFVE,0
KSNLIEVRNIIIDSKSGVSGAGRAAKEAN,1
NALKRAEELITVGQKQEALQALHDLITSR,0
IRNALAYATHTFFQKNGFLYIHTPIVTTS,0
QQRGHVASFVECYMKEYGVSKQEAYVEMR,0
PTMVQPGATVPPRDKVIIPGDGNVKAVFN,0
WLSRFFADMWMLFPKEEEYIEWFKKAGFA,0
AWLFVHSEEIPAALKPYRTFQKEKKLEEN,0
QQQQQGLGFYLRNVKPRSYQQASPVDFSA,0
GEMFQVTTLINEAEKLENELKENPAPSDS,0
TFTMVHHTAPHIPFKNSDEWNAAQAQLNG,0
LSSGLSKSNSSHANKVLGTSASVQKSRPP,0
VALPLVKQAGEEILKNASPVISGDATKKA,0
FRNSVSDHLFQNLEKQVSDQGKSDFNALL,0
TPSDDNREWISSTCKYGDNFIASIQRGNV,0
DFNLALLTLDLEFVKKGTKDEQVDAVSLA,0
IVQGFAIAVKAGLTKADFDSTVGIHPTSA,1
AKELLDMFTANKMAKAFFTNSGSEANDTQ,1
GNSYFIRRPYIPVDKFLEGSNLPTAKDAQ,1
VPDDFLISAAVAEFKGPDIFGVVRLAQVN,0
PPKSYGAAAAAPTVKRPRKLSGKPLGRPR,0
VLCRVQVNNLICVEKFSDFAQLGRFTLRT,0
MARQATRLVSKLSSKLSPNSPTISASPSS,0
NGHLGLNAIQRRYAKVSTGDAISVNRFVP,0
VFDEDEIPAGVDVSKISMSEEEYLNGPGE,0
QANGLLVITQQQSKKKNHSFTNSRRNTSI,0
SSDGSMYVSGLAMSKATQKKIVKADAYVA,0
KINGLPVKEVIKDTKWLEEEFTEKVQKRG,1
FLNPKESTWVLPITKKCSMPESNWGSRWW,0
NIGIVSGVPVSVNGKELSPATLLSELNEI,0
DLGHHAGYFRLAHTKAARMFYFLFESRSN,0
DKKLYDFGRKLWATKGEEQEAAKKDFIEC,1
FSHIMFATGRRPNTKNLGLETVGVKMTKN,0
EFETEHGFVYRENNKSPGYYDGRYWTMWK,1
ELNTMFETFESDISKSNSASLLPTMQKFL,0
GSDSAGDAKVGFFNKATLITGFFFFMWYF,0
AIKDLELYPNKKSLKAHADDLKTLISSAI,1
SLLVFSTGRSPTLYKELRKEKPMLTPDIT,1
EELLEELVTIGRVSKGKQQFKIDLTPYRD,0
GFSASLSSSELEVIKNSPGYLSSTKDMTV,0
LSDLISLNLSDSTQKIIAEYIWIGGSGMD,0
DFVFGNETEARTFSKVHGWETDNVEEIAL,1
YVHNRQVVRFRSLEKPKEDDFSLELSKQD,0
YVVVYIRPLFKVKTKTIDNNLNPVWDQTF,0
PSSGKTTLLLALAGKLDPTLKVRGEITYN,0
DDNSVVALHPDTMEKLQLFRGDTILIKGK,0
RTRTSFCFGQQQSSKTSHRVMVYPVKAMA,0
KAEGEVISVNMVFLKAGTPSPSGFVMNLQ,0
DMILANTTSIGMQPKVDDTPIFKEALRYY,0
EAEIDAIVAEIEAEKAAAEAAKKAPKETX,0
KITGELTQGILDAGKKTGHAMCGGYIRGM,0
IPAPKGYVTPFPWPKSRDYVPYANAPYKS,0
XXXMKVIEKIQEAAKDENRVVFSFEFFPP,1
MKEDKKKLQEELKEKLDLIQVLQEKITLL,1
TCPMGEAAPAVEELKLPPYLYCVAEKDLI,0
AENDEFYLRYYVGHKGKFGHEFLEFEFRP,1
APELFTTAPALAIPKAIKSASLEASQIDY,1
AFREKIPIEVEGFFKQQGAGSTIQSNDIE,0
LRIYLPERNDNSANKLPVILHFHGGGFCV,0
INPTTSGSGVSTLEKKNPGRVVQIIGPVL,0
IKRFFPSEFGMDVDKTNAVEPAKSAFAVK,0
XMAHSCIATTSSVSKFKYPIESCTLPQAH,0
KIAEMGYIRFYLAPKIEEDEEETKPXXXX,1
KDTEAPPGGVDDMTKLSYLHEPGVLQNLA,0
VNIIVGSHVWVEDPKLAWSDGEVIKIHGQ,0
SSYNFNDVSGYMASKKLDFVALVNEEEGN,0
LEFLFVYYMDDPIRKDHDWELFDRLSLRK,0
RFISKKPSPTFELSKQELYVRVEAPKGEL,0
LEGSATKIEGYDFNKGVNYAELFKSMAST,0
EDTEGTVDAAKWLHKKVERSNVYIKIPAT,0
RVVSFEEQVLIIREKLAVLYESEQQWSKA,0
NKNLYERICEMAVRKGCTPSQLALAWVHH,0
KANSYSVHGSALGAKEVEATRSNLGWPYE,1
GPKLLEDMSNEDYRKYLPRFQAENLENNK,0
PGRAIIVSVIDNLVKGASGQALQNLNVMM,0
LMMCMGEAIRTIAFKVRTAPCGGTACVNS,1
SCASSTESPPISCPKQSITEAATAISEGI,0
NKIKMTALQDYFDVKKVEAELKNLQCASS,0
FEACPNFYHSPASEKLRGFVRGATFEYII,0
CWLNARVWLFYSDSKYWKSPQMEALLHSV,0
RFFTPTICARETIWKLGTYDDKLKQYFIV,1
GAKQFLFISSAGIYKSTDEPPHVEGDAVK,1
TLPSSTSHSYPFSLKSHFNNSLTLPTHPH,0
RTPDGGFFTRSAVQKFVQDPKYPGILYNH,0
TEDDDDDVPISQRIKKSVASASKLSSAKK,0
SRQLYIDGEWREPVKKNRIPIISPATEEI,0
LQEHSVVLVRGGRVKDLPGVRYHIVRGTL,1
LLEQKFRRTVTNVGKGAATYKAKIKAPKN,1
VTFNFRADRMVMLAKALEYENFDKFDRVR,1
TDYNQTHFVRNKEFKEAADKMQGALREIF,1
SSQLSPSSLTFSGLKSNPNITTSRRRTPS,0
GKQKVKIVEPSKDAKADDEDESTDEDEMS,0
KTYAGIPEKASGSIKEQLAAIAPALENLW,0
AAYRSSGINNIDLLKFSEHDFNLCQTRHK,0
ELHTRLANEIRSAVKSAGGKITMLAMEKM,0
GNNLPNHWEVIQLYKSRNIGRLRLYDPNH,0
SRSTTKDGKRDHSRKVAPVNNFAISKDDA,0
SNLGAEYLLSGLMGKCTMETAREMVMQEV,0
FKLLPNGNFVLHNSKGKFIWQSFDHPTDT,0
NDGMNLSAPQTFRSKEISKSNVVDDMVSS,0
EIYMEQPEGFEVAGKKHMVCKLNKSLYGL,0
VYADNGYQLILQDPKKMPSMSVWMEVEGQ,0
ARGIWTRLESLYMSKTLTNKLYLKKQLYA,0
SAFLPRLGFHGSSHKSLQLRTQKKQFARK,0
LSSLLPSSSCNPATKGKRRGASLEVVNRQ,0
VLFRLKEIDESNETKKEKDSLMSNQIINE,0
GDDENEGHGSGFGFKKFLRRSVEDAFESR,0
PVSTPLAGHLKLSKKMCPTTVEEKGNMAK,0
DEVADVKYVNREQLKELLRKADAGEGGLK,1
FSLSNIASAMNVAEKLKSRHELVPEKFVE,0
RNPFRVKVRDCLDSKKMGFDYAPMPTPWR,1
QQANIHCAYCNGAYKIGGKELQVHFSWLF,0
SNINRLIVSLLYLPKGKKISESCFLNPKE,0
LKWKTPSILALSRQKLPQLAGSSIEGAAK,1
AMIGAIVLTMHRTTKVKRQDVFRRNALDS,0
SPEEFLSQVDFLLGKQAYFGKTDSEGGFE,1
SAGELESGNAGEPAKLIRQRYREAAEIIR,1
ELGSSRDFNVDMIPKFIMANGALVRVLIH,0
PDAGWLDLFSSRYWKVVSIGAALFLFQQF,0
GTGNYIVNVGLGTPKKDLSLIFDTGSDLT,0
QELIESIVWAHNKLKVAPATQPRALSIIQ,1
LLLKPMKINSHGLGKDKRMKVKCMATSIP,0
TTAMAACSPTPTSCKTSNSLALPRSVFVS,0
NRTEERVSAIREEIKDVEIIYKPLSEMLN,0
HLGSNPTERSTRDQKLLKKQQDLSFVPSK,0
XXXXXQIFVKTLTGKTITLEVESSDTIDN,1
PRHVSVKEAVLPFEKFQGCDVLLGPEMRS,0
FISSNPNVVVLLDGKSFPILFDVSKVEKK,0
ASDSDQLKSAREDIKELLKNTFCHPILVR,1
PTREMVQFYGVGIMKVDESLRAEDVEIYY,0
IDTDNSGTITYDELKHGLKRVGSDLTESE,0
XXXMTKLYENEHPVKAFGWAARDTSGVLS,0
LAVARRSTYIVHLDKSLMPNIFADHQHWH,0
QNCDIHARRPGSGQKNMVTAQGRSDPNQN,0
IEEHCRKYERLRQEKKQRKIERERQRRQA,0
YGDSSFTIGFFAKDKLTLTQNDVFDGFMF,1
DMKDLGPAQQILGMKIVRERTSRKLWLSQ,0
SFSSTSQSLYSLRYKPHAKALNCKSSRSF,0
SLTKSSLPFSQNLLKVSTFPRTSKTPSLY,0
PHNCYSQQPKPQPIKYQGVDRLTEMLVHY,0
TPSLYSSPKMSWLNKLGFGAKTDSTPMDS,0
ATDVSCESESSFLGKESVAVLKQSFTPKA,0
PEKMDYFVKNFGPIKSGICACGNYRVIGD,0
QNPNLDMVNGVVKEKLENFSNELYEMRFN,1
CAVVLMWRRSSTSAKKVVEPPKLVVPKSV,0
KLGSEKEKRKEAVEKARKTQSINEFLKPA,1
AVLNGLSSSFLTGGKNSQALLGAPVAARI,0
QEAQQTLELAEANVKKAEGRRQKIEANLA,1
SNKTPEFIKMNPIGKVPVLETPDGPVFES,1
KLSASQIVSQIPNCKNPDAATMLDRMLYV,0
HSSLPITTQNIYQSKRRKRRPISFPFRVA,0
VPLAFEIPERVWTNKEVSYSHLKVFGCRA,0
FFDLSYLSQAYVFYKLSQPQVINLSKLRS,0
NDGILLRNHIPRILKNHFRGNPYYVDLLE,0
EEKYMWAIVDGVKEKVGNFRVEPPGLFRG,0
GSKPDDRPSWRDERKPPSFGSGSRTSWPA,0
QPGAIYLRYLVDIHKKHLMNYEFNPSCLA,0
KSKNLTIRSAISRTKKEETVETVKQQLED,0
EKYHGYYGGEEEERKNNYSDMVNKYYDLS,0
KEKKASLENFNNTLKRHTLVLRKRDIMRR,0
SQFLDRLLEWTKNIKISDPLEEDCKLGPV,1
PWIGVVNRSQQDINKNVDMIAARRREKEY,0
ILKQIGMFSFTGLNKAQSENMTNKWHVYM,0
EGRRRREDNMVEIRKSKREESLLKKRREG,0
WGGNWDSSNALDFIKYTVAKGYQIHSWEF,0
QELRSRATVPDHVYKTIDALPVTAHPMTQ,0
EGFNLYWRSLLNRVKVILLLILVADIVVY,0
METADSTRTFVRNVKRVIVKVGTAVVTRT,0
YKPILDSEYPVVDGKLSQTCYLMALDSCY,0
AFTVNEMFAPRWMNKFAPDGTTRLGLQVM,0
TFDALEPKELKAIEKYNLIGIGPLIPSTF,0
LSGRMPSWVNSRDRKLLESSAKEIKANAV,0
QFALGGFVLSRDDVKSWWIWGYWISPMMY,0
KKLLEGERGERIREKGIIVVGESGLFTPA,0
DFIPILRPLLRGYLKICKEVKEKRLQLFK,0
SPGMGHLIPLVEFSKRLISQHQFSVTLIL,0
VIGGGNSKRGVVEAKLKVAINGFGRIGRN,0
TVAPKIEGIRVQSLKKGQITMDIDLRWGG,0
GPSLYYVDYIATLHKVDKGAFGYGXXXXX,1
KFLLGAAVETRESDKERLEHLLKEGINAV,0
LLVRAKANSLAQLGKYAGEGESEEAKKGM,1
IPAFASRVNQGNKNKEGININLKGFAIGN,1
VRASGGDIEDATPLKVQGQSSGSVLPYVG,0
DGKPAGRIVMGLFGKTVSKTADNFRALCT,0
LDKYVEVERLEGDNKYHAEKYGLQDARKG,0
EFEDVKRLNDLLIEKNKETGWDTPIHVDA,1
PVPDPSVLVQKFDMKDFSGKWFITRGLNP,1
SATKLGSIAIEGALKKANVDPSLVEEVFF,1
GTTAASVSPAVFPAKNAPKSLTLLPFCHH,0
GELNGVSYSDPATVKKYARRAQLGEIFEL,0
DRTDEYGGSLGNRCKFIMQVVEAVVTAIG,0
EGRKRSVQALEAIEKLQKNVDTLIVIPND,1
QAGYEKSLIYRLALKPRKISNLANSVRVL,0
PMPSCLHHRFVVCTKREKNQVLLSLLQVD,0
GIVTSDSDGLTVLQKFLVKYVHHMNSAIP,0
TTAVEITSGLHWYLKYRCGAHISWDKTGG,0
IKKAEDRDLFKQAMKNIGIKTPPSGIGNT,0
FMETLENSLAQLREKGIDAQVASGGGRMY,1
KKPFLWVIRDQENGKGDEKEEKLSCMMEL,0
YYTIGYAPEASRFFKQSLLTFLIQQMAAG,0
FSMFGFFVQAIVTGKGPLENLADHLADPV,0
TCAVRQLTGSVTSAKGHRFAVVVARFNDL,0
XMAENGIKHQEVGHKSLLQSDALYQYILE,0
THPKPYRTLITASSKNPLNDVISFKKSAD,0
SSYSFVWWDWQRWEKEIDWMTLPGINLPL,0
ALALGADLVLHSATKFLGGHNDVLAGCIS,0
SDIGDALLASPQVRKLTFTGSTIVGKKLM,0
EFMDKGSLEGIHIPKESALSDLTRQVLSG,1
VNEYNKQAKTNLVFKRVKKGATQVVAGTN,1
SLALPRSVFVSKQAKLMKQANGLLVITQQ,0
VENIPEFIEGVKNRKRKMSGFGHRVYKNY,0
GPCRMIHPVIDELAKEYAGKLKFFKLNTD,1
KINQDTDRDFFMSAKEAKEYGLIDGVILN,1
GIAEGVDFIAVSFVKSAEVIKHLKSYIQA,0
YEINEAFSVVALANKRLLNLNSGKLNAHG,0
TELSLPETRTFRLPKFSVVKCSAGEAAPS,0
VSIDNDDGISMSLSKSKDSDGDLEIGLSL,0
GVHDSYWTHACDVDKLNRILREKFVELYE,0
SGVMISVENAAYMAKQGLGVTGAVLDALS,0
SSSNLHILFRPSHPKRLEIQAAGNTYGNY,0
RTVSGVAGPLVILDKVKGPKYQEIVNIRL,1
ENELNDAQFAWLCVKHVKSNAIVIAKNNC,0
AYQYSTAAAIEEPIKPAVNVEHTKLFING,0
YSSQFSYVSAQISQKRRFSLRPLPRTHYS,0
AGWKPGEKSMKPDPKGSKEYFASIXXXXX,1
DGSWGLNPSHPLLVKDSLSSTLASLLALR,0
ENIVVIGHSACGGIKGLMSLPADGSESTA,0
XXXXMENFPIINLEKLNGSEKAATMEMIK,0
AIRSALMTTAYTVYKNGGALQDVSTGKPS,0
DQSGTIIDVLAEDGKPVSVDMPLFVIKPX,0
AAAAAPKKSWIPAVKGGGNLLDPEWLDGS,0
APSDSDIKVVEQLVKEKGEAVARLKADKA,1
TPRTLNLFDILDSEKLVLTKSAVDFLNER,1
REPESLKEVLSHPEKNQLMKAMQEEMESL,0
EHVDHARKSAQHCIKSLLTAHTHTYDYLP,0
PSTASSTHASIPFPKKALEFPIRTPKLHH,0
SFTVTCAYVWTCIIKSEAATGEEIDENGM,0
KRRIRPNDITINIGKGAPIPECPIPGERW,0
QRWKKIYGDTDDVNKVQLDIRLGHSKTVE,1
KLELATSLLEKAKAKGVSLLLPSDVVIAD,1
LLSNTLNNNFIFSGKPPQRHSYSFLPKKI,0
EEWAPASRNMTFEFKQKVSVNDKFGRPAI,0
PISESNIEQQGNNDKTTTQHCPYQNXXXX,0
ASNEAIQMSIGRKWKEIIDAEKISYSFHD,1
KLCTKVLELESTNVKALYRRAQAYMNMAD,0
SFFTILIQLMTATVKSQQLIESQLNLPSC,0
VRQTVAAEGARGLFKGMGAPLATVAAFNA,0
ERRKYDSDNRVNPMKASEAWVEWLMKKRK,0
XXXMAQTMLLTANAKVDLRSKESLVERLK,0
VNDQFLNWDPNNRIKVRIVSARAYHSLFM,0
DGASPGKIFIGGLAKETTLEQFVKYFEKY,1
LGFQERKNLLERLVKVADEDNEKFLLKLK,1
SMAARLASTMCNSFKGRPVLGRVFQGKEP,0
KANENGLVGRLEIAKVVKGLMEGEEGKGV,1
GKQHRVSFQTSSERKLNILDLVYSDVCGP,0
LRSNKKIKNRIQEAKEPASQGEKERGSDI,1
EFGGEDMIDALLRAKENNELQFPIENDNM,0
VSRDPNWERGIRSSKYPGVPYTFFAQRTG,0
RKAMEAQAIISEESKQFEAWRDSLETVPT,0
LQFEKRLRTELEEAKAQEVAKLQEALHAM,0
AAVPTIKHLMANGAKVILSSHLGRPKGVT,1
HLGADDYLVSSDTDKMQEASDSLDYIIDT,0
AASLEGLSPNVPLYKVTEGNEPCFFTTFF,0
MKLPISKGGGTTRLKKNKEDGGDDDEDED,0
NIIRERIEQYNREVKIVNTGTVLQVGDGI,1
GLEDEDTIAVTVVPKTGGEEISIEGVEIK,0
SSGIADGLTTGSPIKVEVPNTDQRGNDYS,0
SYDLFKKKDKKSSNKKKSVKDSKANLPAQ,0
FTTFEALGAFIWRAKAKASKIPGDEIVKY,0
DTLYLGQRESPEWTKDQEPLSAFARFGKK,0
RHRPYQYISVTEFAKRFKRFHVGLRIENE,0
SCTLPQAHPVSLPFKHLPFRKLKTVGKGK,0
QGYRRLIESSLTSMKGPAEAAVDAVHAIL,0
TLDIQNNSGQTFWQKVEFTFGWLYVIEMA,0
RVIHSSYASFGGRRKERVRRMNRAMDLSS,0
VNLDDHIALACAGLKADARVLVNRARIEC,1
GDDESDEGEEETPKKAEPGKKRKADSATK,0
RKILTQELLSNKMLKSYSLIRKDELSKLL,0
DLSSIGDTVVISVTKEGVKFSTRGDIGTA,0
TERSMNRDPDAYRYKWSNGSKNFQEHLEQ,0
EATKQNKPGRSLYAKATDTGIDPKEAAKR,1
VCKAGAAARNVPLYKHIADLAGNKKLVLP,1
GPGIWVSDPYGLTGKVQPVNPAWGVEGFD,0
FHAMAEIARGGNEMKVEPVWNRSSLLGPR,0
TVDFIFGNAAVVFQKCQLVPRKPGKNQKN,0
ISIVDDTFDAYGTVKELEAYTDAIQRWDI,0
VKSRAHLLEALADAKIELCRLLAALGEKT,0
IPGPGDKPMIVVNYKGEEKQFAAEEISSM,1
YKPVFKAIQLFRSGKKGGDDLFDKLDTSK,0
VRNGVRTFACSETVKFGHVTFFWNGNRSG,0
SDKSPLLLEMNPVHKKIPILIHNSKAICE,1
KLFHCPKELAEEHYKDLQSKPFFPKLIDY,1
LWITNEIIHNPTVNKRLEEMDVKNIPIEE,0
KLERRWTFWFDNQSKPKQGAAWGSSLRKA,0
SPESAIIFVSEQSEKSKKAGNAPPITLLV,0
VKKCIEMFNEIAENKEDYNKFYEAFSKNL,0
YRSWEPDRQDRYVSKWVEHLSDPRVTYEI,1
DQYRATDTVIQGAGKLKLVFVPEGTDEKT,0
YEETRSLLLQIAGHKDLLEGDPYLKQRLR,0
GLQILAKKSLISYAKGTTVKPCDYCLFGK,0
DSTHNEFDSFEDVLKLYEGGIKLPQGPLL,0
QFLVGYQPMASRDPKIFDKPDDFIPDRFM,1
EKRRERQQQEQELAKHIAEEDDDDFXXXX,0
EGIYQCAGCGTPLYKSTTKFNSGCGWPAF,0
EGKVPIGIGENTRIKECIIDKNARIGKNV,1
LREADVISLHPILDKHVPPCNKERLHDER,0
ASADISGLTPCKESKQFAKREKQQIKKLE,1
VERDESKKELDAIQKEYSEFKSISEKKVA,1
TMESMKDKAQAAKDKTSETAHSAKGTAHD,1
KNIESPISVAPLSIKFIVFPNFNSPSCRX,0
FAWGCCPMEGATCCKDHNSCCPHDYPVCN,0
HLKDAVLDGGIPFNKAYGMTAFEYHGTDP,1
EKPNSSVVFLCFGSKGSFEEDQVKEIANA,0
SPAFACDVANNPGVKNFGFCDVSLDVSAR,0
RGFAFVTMGSVEEAKEAIRLFDGSQVGGR,1
KLMTSTGSHEDLFRKEIAKYDHICEEIAR,0
YNECPAGTTCCCVYKYYNYCFAWGCCPME,0
EEDEEEEDEYEKQVKQAHESGEVRLTXXX,0
LTNSNYTDMTEIYKKYKDQGLEILAFPCN,0
DRKNEAYRWLLHHSKRYRMAEGVVSNSFK,0
LPPTGAIMSSIYDEKKDEDGFLYVTYSGE,0
DPRTLNKTLYIKPPKNTLSFNELVAMWEK,0
GATLVVSGDGRYYSKDAIQIITKMAAANG,1
TSYSKIAGIGDICIKTNVGCTLVLKDVRH,0
IKTIEKNGLDAVAKKAGIDLSKKXXXXXX,1
LETWDTGKPYEQAAKIEVPMVVRLLRYYA,0
NHHFGISPERLQANKDLCSFFRILTTSTD,0
IVPGGNETLGSTVVKSRGFFPEAYWYWIG,0
PIETYIFAMFDENNKNPELEKHFGLFSPN,1
AEANGRIAWQTNTAKKGVTGFKLLPNGNF,0
AFSISKEGKASANLKNSSLFGVSLSDYSK,0
KIIEEARTGEIGDGKIFLIPISDVIRVRT,1
FINNARWDGVPFLMKAGKALHTRRAEIRV,0
QLIRNTRQPIRNVTKSPALRGCPQRRGTC,0
SACFGAAFIMLHPTKYAAMLAEKMKKHGA,0
QSPFSNIATTVPELKITNGILTINLTWTE,0
LKSITTGELPAGWEKALPTYTPESPADAT,1
DLTPEDIQFNVMSDKTPQENELNDAQFAW,0
LRGESEDPLFQKAHKTGYMTGTISPAICK,1
YWSKRNEPYRFITSKEFAEAYQSFHVGRK,1
VEMECSYLTVDFFRKLPQDIEKGGNPTHS,0
PLSLHGGCPVIQGEKWSATKWIHVDSFDK,0
RKIDEILENVVNEHKQNRADGKKGNGEFG,0
ITEEAVATPPAADTKASAAEEEDDDDDVD,0
MSCNYSFSSISPSSKSAFTSPSNFNLNPR,0
SPRSSVRFSQFRGLKIQSTRSSVSTTSCS,0
GICKSVEKLKYVHEKCGEGEEALWNALFX,0
VYDVASRQSFLNTSKWIEEVRTERGSDVI,0
VNPNIHDLRAPAAGKSNVGAVDDGSMTYN,0
KRKKRSLCLKKCVEKGQMYRTFQRDSAFS,0
APKLYHLEVALGHFKKWSVPESLSHVRKY,1
EVALSAEEEEEIEEKEESVESESVEGGRL,0
AQGAKLVDLALASGKIYEGEGFKYVKECF,1
RVLANMDEPIGRILKRTEVADGFILEKSS,0
GYDPAYLLPSLPQAKFAVAFEEAVKLSSE,0
CANSVIPAYIPIVEKRKDTPFTDKHKAWQ,0
NLIYYDLYQATRLEKFVTAYGQFLKASGE,1
PQFLVGHLDTLSTAKAAMNDNGLEGLFLG,0
RVRNCYNCNQPGHFKRDCPNPRKGKGETS,0
YFGYAPGAATGMAPKAHVAMYKALWDEGT,0
FITTSNVLISKHIVKGEVFVFPKGLVHFQ,1
NCPNLRHICLQTGRKHYLGPFELYGKVAH,0
TSCGENSFHFPSHGKPFSLRLALSPSRGI,0
RGVLTLLGGRLCALKMQDEKIGFLGVNQK,0
LSDYSKSDFGSSSFKVKSQRRLSNGAVRA,0
DEAHPDLEPKNVEPKGIAGKEASPPEDIQ,1
RKWGIVSQLKAVVDKGVESYGSSDVEIDE,0
SYITTLNLLQAYTLKRIRDPNYHVTLRPH,0
IVGSGFGAVGSGLSKAGKFMGRTFTSSSK,0
KALNSRKAEIRVQFKDVPGDIFRCKKQGR,1
EIDIDKLKYLKLVIKETLRMHPPIPLLVP,0
LLVEKTTSGREYKVKDMSQADFGRLEIEL,1
VQLLAKDLINQPIWKTADAIKKSKSIITD,1
SIIAVEYIEEVWKDKAPNLLPSDPYDRAQ,1
SDPNPTATILFEGTKVGIKPSPVVAAFSS,0
ILSVASKADAVDALKTCTCLLKECRLELA,0
YLEEEAIHSYTEFLKELDKGNIENVPAPA,0
GAATYYSFPFPENAKNKKAQLFRYAPLPD,0
IQQTYAETFGEDLLKELDRELTNDFEKLV,1
KYFRHATGQIYAISKDLATYISINQPILH,0
VYYLGRIPSPILTKKLKEASKTEERVESE,0
LMNDKQVYVGHFLRKQERESTTGMTKFQN,0
PIPPGRNFTYILQMKDQIGSYYYFPSLAF,0
MLETVETSALIDTGKGSSTKRISYEEAIQ,0
RITYFWIKEQIEKEKSQGVNIANYGSSKV,1
FSLLDKAIAEHEIAKNSTEGSSRRLFYFA,1
SSNGIRRFSRIHLDKSRVFMSVSVGSRTA,0
TPALSRGVSQGVSEKTFRDVSGGSLSYYP,0
HGLTTAVRVGMNAEKSGDVGRIMIVAITD,1
NLRAAHQSLQQNWGKYLNEASWNWRLMKT,0
AVETTGTVAEEVKEKDIVVEAGDEKKEEA,1
LCGLRVGAAILIMQKFDIVPFLELIQNYK,0
LNAHLKELMPGLTAKVFRTYNASVTLEQQ,0
RGTGLILATEFANNKSPNDPFPPEWGIGT,0
WRILMPDGTHAIYPKPRALGINEISQVVE,0
LSGSWFKEYDKVDAKRSLSVAGSPKLDLY,0
LYVTDWMAKEVYGGKVGDGRLYDLGVHAG,1
DFDNRMVNHFVQEFKRKHKKDITGNPRAL,1
GSIEEIQNMVCTRFKAEYPIFDKVDVNGD,1
FQWFLVSKVTLSADKSSGAADDKNGYAAE,1
EACEAFDVAKEQYSKEFDEKKTELQPKVV,1
VLNALGIAEREIAEKWFAAGGNLKGALLD,1
PITVGVTSGASTPDKAVEDVLTKVFNIKR,0
ASPLAMGAGHINPNKALDPGLIYDITSQD,0
LQMKRVVAGVLRRFKVVPLAEKGVEPVFL,0
SRIFVANPARRITIKEIKSHPWFLKNLPR,0
TLILPTDGPISNSQKSFLNSLPSCMDYHL,0
VLFTLVLMYLSPLNKPQATLSKEQASDME,0
MSGGDHIHSGTVVGKLEGERDITLGFVDL,1
EKRAKKLEDEMASAKGEILRLRTQVNSVK,1
VGHTGDIKATIEACKSADEAVKMILEAIE,1
TNLSGPIPEFISQLKNLTFLELNYNQFTG,0
TMAEKFIRQLNLFPKHDINIISSKDNIAL,0
NMNYRERHCPPQEEKLHCLIPAPKGYVTP,0
AAKKPAANGSAAVSKKDESSDQSSSEDDS,0
DVVIADKFAPDANSKIVPASAIPDGWMGL,1
MAARETGALKEAKDKLEKKVEELTWRLQF,0
INLLCALDFTSQQIKAITRSSAYSCSNPS,0
AKREEAAPLIESAFKQRLAEEAALHEREQ,1
VITKTNLPEYQGNEKIVIRRYSDFVWLRD,0
FGCVLMRDFLAALAKRLKHNPTAFENYHR,0
DETFLHPESEECVSKVNRMADKYWDLYSS,0
LKVKDKKDRGTITIKVLYHEFNKEEQLAA,0
NENRSPRERYPIMSKALQNSGRAIFYSLC,0
TFLEAQITREKESRKNLEEELERATESLD,0
DQELQVVSEDCNSTKKKQGQDKDVMQEVY,0
QFIMYQTIGISLVHKSKHQTNQRYPEQRY,0
GFIQPNLDFLAAIRKITKENDALLIFDEV,0
DAPVLKDIYARREVKLTRIPKDVIHTIPT,0
RDSSQEDSREVAAAKADLNYIGLDGEIGC,0
PNENIIGISTDLNVKFTSIHISDSSTVWR,0
SRNEETLQPSVYLNKLPDKFPEGSRVIVV,1
RARKTVQSVFGSSAKARSHRVRASGGDIE,0
AEVVEIITYNGLSSKSAFERHKEWLQHAK,0
XMASIGALKSSPSPKNCINERRNDATRAM,0
SPGADMNLYFPYFEKEKRLTAYHPEIEEL,0
FAGLRSSGCVTFSNKESSFFDVVSAQLTP,0
TRKAVDDLSRGIVNKLLHGPMQHLRCDGS,0
IPIEEGKKNFDVVDKDDVVVLPAFGAAVD,0
ISTGLDSSTTFQIVKCLQQIVHLTEATVL,0
LASNIGVAKSKIREKEPIVWEILQEVMQG,0
ANGLLVLYITILLFKLYYGDDWEGLFEAI,0
KLKLEVKVENVEYDKEGSALRIRGKNILE,1
STMANPLFTAAEVVKQVKASGAKIIVTQA,0
SNFFIGLYFLSIVTKFGISTVYLGFASVC,0
MQRESVAKSLPDQPKVLEFVKVLRQKFGL,1
XXXMAFFNRVGSILKQSVSKHSNLELSAS,0
TDDNYICATLDWWPKEKCNYKQCPWDLAS,0
HGVPLIAWPLYAEQKMNAVMLTEDIKVAL,0
VSEEDEEATFVEPAKRGKYCVVFDPLDGS,0
LPATTVGQTTGEAIKKYLTSDPNPTATIL,0
SGAKIIVTQACHVNKVKDYALENNVKIIC,0
SSLDFAGSAVTIPHKEAIVDCCDELNPTA,0
AVNQDKLGVQGKKVKQNGDLEVWAGPLSG,0
YRHMANRMGSEHLGKVMSKHLESVIKSRI,0
FLINGGTISPFLFNKIPKWMIDSFHTRNN,0
DNAATYLRNLIQHAKEGSPRKPGPIETYI,1
GRTDILRPRDISLMKTRHLDLSYLLSNVG,1
EIVGEVTKPYTFHYKTNKPEKMDYFVKNF,0
XMAAVNGVGISWPSKLTQGQRPKLVFSPS,0
GHASTVARDAPPGQKVGLIAGRRTGRLRG,0
DKEKEEKEDKKDEQKGGFIEKVKDFIQDI,1
MALMPYYSWFPSYEKFGNFSIEAECPKIV,0
LQLLFESSEENGPVKGLGLIPGVVGRFDS,0
KLLVALVGIYRYAGKEINARVANTEADNL,0
NFDMTESPGISATRKDDLILIATPAHSXX,0
STPTKIFNFPTLSQKPEFTSKSVSVSLST,0
PIPLLVPRECMEDTKIDGYNIPFKTRVIV,0
LKQNGVQADGINFDKGARTALAFVTLRAD,0
NFPRQRAQAYRVSTKSSTRGGALAATCRA,0
LSLFNAALLVTFPPKSLHSCVIAMVLDSS,0
CVKCSQADGNGSTVKRTTLHDLYERQGQS,0
VVAQLVRRAERAGFKAIALIDTPRLGRRE,0
DVKEVLLNTFFGPSKGGVYSPSVQATLYE,0
GNEEHVNSIREYRSKIENELSKICDGILK,1
IPQHRRFLYDCVQQKWTKADVVHVHVNSV,0
VHELDGTQNEWGWCKQKLGANAILAVSLA,0
EVDPKGERTFGVLTKIDLMDKGTDAVDIL,0
KKGIDFDEIFSPVVKMTSIRTILSLAASL,0
CQPLSDMNLSDSEGKNLHQYLNFNSNMGL,0
RFGISSSASPQPNEKESSQSQSEPGSTKE,0
XMTNKAESSDSKGTKRDYSTAILERKKSP,0
DDSDSSDEDDAPPPKKVVAASAKNGVAAM,0
YMQHIHDLQLQVRQKTHNLNRLEAQRNEL,0
SNCNRKLIGARYFSKGYETTLGPVDVSKE,1
QDQMQGPHLNNILGKPFEDIRKQYTLGKE,0
SKSFLPFHKPIRSQKKIPVTMAEKFIRQL,0
QLILDQNSGCGFASKSKYLFGRVSMKIKL,0
HVPGIFTQEQEEAWKKIVDVVHSKGAVIF,0
RMFNLETDISVLEQKIRAKVEQTQKXXXX,0
ERQELVEHTFLSNMKDIKKNHKKFLSENK,0
YSVYLVADYVEVISKHNDDKQYVWESKAD,0
NELGFPYWSRSFRGKRIIYDEEDELQEND,0
VTRDTSGENLGRGTKITLFLKEDQLEYLE,1
VQEVRFSTHEDGSFKGYGHVEFVTAEAAH,1
HVIKPVIPAKYLDEKTIFHLNPSGRFVIG,1
GIVAFNVEVDEALAKDIREFRSPTDGETR,0
DPAGWSEWSGDFALKTLYYGEYMNNGPGA,0
DSHLLNAEHHFSLFKSKFGKIYASEEEHD,0
KAECCHLDPTEQCTKLEKEAVNVSLGNLL,0
DEQVDAVSLANQVRKRFANQIMSTGQKVT,0
LMPLTHVWATKLGAKLTEVRKNKTCPWLR,1
GSGSACRSLYGGFVKWVMGKEENGSDSVA,0
TRKNGNETKEILVLKNLRQFLRQLSEETF,0
EVANSVERVLNQAMKKLPSQTPAPDEIPP,0
IVDDQSILEDEARLKEVLRFACACGAITT,0
QHSDILETLTPQVRKRVDVLRELQSQHDE,0
EEGDEFVGLLRATIKGLVYPEHYFVEVLR,1
ILFEETLYQSTVEGKKIVDVLVEQNIVPG,0
VDLIEEQIRVAMGEKLRYKQEDIVLRGHS,1
KEACWTISNITAGNKEQIQAVIEAGLIAP,0
ALPYLLFHFFWNNHKHFFDYGSTTRNSMR,0
IALFDVDGTLTAPRKEVTPEMLKFMKELR,0
VCVIALTLWNTCLHKRNKGVMFIKENLSK,0
IFLAKSKENSTDVNKEYTKLTFTPTQADR,1
GLVKAKKELAESIQKGVSFIRNXXXXXXX,1
VAGQPVSVAIEAGGKDFQHYKSGIFTGKC,1
GQIVDGDKAVVYTHKDLSGLEIAXXXXXX,1
TPSEAEMEFLNENAKRYIRQLPLYRRQSF,0
REAVKEGGSSEMNLKAFVQEVGKGCXXXX,0
SNVSEAEGIYSALEKLGIDWSFVGSQLEL,0
NPESQSVEWATPWSKTAENFANFTGEQGY,0
TVLAVYANWEFARIKGVGWGWAAVIWIYT,0
NGPSLMPGGSFEAYKNIEDILLKVAAQVD,0
GRGPIQLTNQNNYEKAGNAIRQDLVNNPD,1
ALPAIAVVGGQSSGKSAVLESIVGKDFLR,0
NPTEAVCMTGRYASKEEAKQKGNVINSVG,1
GTVRIGDTVDIVGLKDTRSTTVTGVEMFQ,1
PCATHGIQAVLTNDKETASSSVVGEKPLR,0
VIMDSYSDSAKTVAKTLTSLGFKNCWIMT,0
DMVLHLSQASLGEAKKDKGSEPVCLSVNV,0
GEATQTAAADEEEDKDSVEKGVPDFWVTA,0
RKSGSANIFIKNLDKSIDNKALHDTFSSF,1
RESGSTIDVVAAQTKAIADRVKDWTKVVI,1
INGGGLLELTVFPAKYSMEMSAVVYKDWV,0
NFYQTEAQGTQPIVKGLSWTFYDSICPNA,0
EAQRNELNSKVRMLKEELQLLQEPGSYVG,0
TLPNELDNQWISTNKEKSNNLNKEFLNRL,0
WYVLSKTLAEDAAWKFVKEKGIDMVAINP,1
DQMQSVSVHSLAQGKKVILFAVPGAFTPT,0
KAIVAPALPPPEQVKEKTDDSKALVVVED,1
MSVYTAKLTSMDEYKVSVAPDKLVFKEKY,1
LGHFLLSRLLLDDLKQSDYPQKRLIIVGS,1
IRGQPMRDGHNKVYKSFSDVIEGKEGRFR,1
PEDIKANKRYAGSSKWTVSEVAESVKEDF,1
NLVPGLMRELMFGGKNPALNSKLMPLMEW,0
IAEHQIWAAVDPYAKNEAFNVSNGDVFKW,0
QALLDELKALEEHLKAHGPYVNGANICSV,0
ASLAENRLILSFAPKTFYYDLLKRIGELF,0
FKEQLDTLDVEENPKVLVNTFDALEPKEL,0
YLVYGSLSWVETSGKYVVKSPIVATTIGV,0
AQKKLSAVGTWENTKKANLEAKLKKLEEQ,0
KKPERFTAVGARIPKGVLLVGPPGTGKTL,1
NGPEVLSKFVGETEKNVRDLFADAEQDQR,1
EKAKEFAAELNRDAKQQLADFDPYKAAPL,0
LPEVFTNIGILNVPKWYDAGKEEYFASSS,0
NVPKGVAVASLSEVKKAIQDVLPNQNEVV,0
RENGRRDDRRYSRLKYLLSSWGIEKFRSV,0
VWGMEAELPFGSPRKRPSFFEPIFKELEK,0
VLIQSTDSSVLEEFKKSSYELVYGVGDDI,1
APSSTTNVMLSISEKKTVSVDLYRPLRNY,0
NEQLQTDDIDVPLTKVRPVKKVALVVVTG,0
DVYTDGKPTQGGFAKSMVVDQKFVVKIPE,0
NVQHMLKTQFHIYQKGDVFKTTMADFLGD,1
MSQSISPLMFSHFAKFQSNIWRCNTSQLR,0
ILEPSKSSFFPAMTKIVGTLGPKSRSVEV,0
NALILKEYAPSIPEKNISCLTRLDHNRAL,1
ELLKRNRDMLFGEVKLTIMIEDPRDVERR,0
KVSDVELEFLTGSDKIDDESAMSLWHPNL,0
LNAAQDEISVDLWHKRMGHMSEKGLQILA,0
TGIGLAFIAASRGYKLILTMPASMSLERR,1
TVDGEEFMSLFIDGKAELYISWVSKEEDX,0
DFRTTETSRVFAASKDDLYLIPTNHREQE,1
LVEVVDRDLRKMLIKPKAQDPLVVGVRVW,0
IELIGINNRDLGTFKVDISNTKKLLEGER,1
WDTAGLSADPETFAKNRELEVIHCRWAML,1
VEFGLDLRPCPPPEKTKEDILLFFKLYDP,0
ERYYSKMTLDFHTNKKILEEVAIIPSKRL,1
TEGQEANVVTDYVLKILGLDICADTMVGD,0
KDAKFYGNMFAKLNKLETANSSKSAPKEP,1
XXXXXXXATSLSTPKLSTTLSSPTLHSLL,0
VALTNEVLSISITQKKSIIDTNTIRSALH,0
GEIIGRFEKKGFSLKGLKLITVDRAFAEK,1
IDCAGMSFRDFMNGKLSPIPGDYPTLNDW,0
EGLKLGKDSKAKELKESFKELTKWWKGAL,1
SGHPVSCAVALEALKIYKERNMVEKVNTI,0
SFSVKFSATSLPNHKRFSKLHATPPQTVA,0
SVYGVTYIGARDQIKRRLKERGAIADDSE,0
NLPPNHSALLTHHLKRLKNSGYLAMVKHS,0
HAVGVVSRFLENPGKEHWEAVKWILRYLR,0
AERLRVAELEKCMSKMGDDISKKTRKAVD,0
STALRMAEILEAHPKVRHVYYPGLQSHPE,0
YFEVVKGIFQKVLEKNDAGEHFPLLAICL,0
YVYRRMYKNGNTIPKDDSLDYGANFAHML,0
VQNPRHIEFQVLADKYGNVVHFGERDCSI,0
ETISTVGRICAEAEKVFNQDLYFKKTVKF,0
CITPNNGNGEDESLKPFPERLYAVPPRIA,0
RDDLPRSLSAADGNKTREMEIRRMSSHIH,0
WLKISTPDVEDNICKFAKKGLTPSQIGVI,0
VLSRPEVARLPAIFKTLGLEYDEKVLPSI,1
CLTWARSEFEGLLEKTPTEVNAYLINPSD,0
VVALPYSSGTTGLPKGVMLTHKGLVTSVA,0
QLEEQLGTAVSEVRKNKVLIANLTQAKEN,0
ESDAIESVLRRLHSKEAPPIVQESAAKGV,0
SDACGYAVAVMPSAKGLFPEHHSHFIGTY,0
PQSILNKKPNSDNSKNIPSKAALAALLFS,0
TRITQVASSGTYFLKWESLPQIRSKQKSC,0
IFQKDEMIDIIGVTKGKGYEGVVTRWGVT,1
ANDDAISSIRLILNKLVFAICEGRSSYIR,0
PTLINSRINILNLSKNSIEGYIPDSFDER,0
IANVLETSSAEVGGKPYYYLSVLTRTADG,0
VHLFASNQSRSHASKRNHTTRIFLPHLVA,0
LYKATESSLCDLLFKANPNPLFYGPSVLL,0
ELGTLLGIPPQKAEKIASRMIFEDRMRGS,1
SELQELIPEQQDRLKKLKSEHGKVQLGNI,0
YKVLHRPTGRLYALKVIYGNHEDSVRLQM,0
VAMELGADYIDVELKAIDEFNTALHGNKS,0
GLVYCDFSFARPITKKPTFLRLRGLFEYE,0
SAVSEWLWKQTVGDKFPPGLTVPLHLKSL,0
LKNLLLSPLRGFIHKDFHDIFERMTLLSK,0
HYTAYDSKTNGAGEKRTLEVDAVIGADGA,0
FQDILQRFAFDNICKIAFGYDPAYLLPSL,0
DNQIVKANEEAHSRKEILEKVEKWMAACE,0
KNWDGPTSKYVENCKFPKDGSSPKSLRYI,0
DRFFTSNYNEETYTKKGLEWVNTTESLKD,1
PARTPLVRSIVPSLKPNQLLVCRAQKQSA,0
SESMSRKTLRADAEKFEFQAEVSRLMDII,1
IGVEFQTRTLVIQHKSVKAQIWDTAGQER,1
STTFHSATVAAVGEKFLARDITFQNTAGA,0
LPVNLSSKDNPVIVKFDNDVYLPTDEPHG,0
KWEGIPESSSRYNLKLFADRETYEAMDAL,1
LFTATHEARALSLPKEDIVSSLNQVESAV,0
LSSPTSRLSCAPSCKLILNPIKKNHHLAA,0
EWLLIKRNSFVYVFKTVQIIIVAFIGSTV,0
NNNSARGFEVIEQAKQRVKDTCPNTPVSC,1
KSLAPIYEKVATSFKQEEDVVIANLDADK,1
LGMVGNLAQEFLKQKLDENDESYAKPAME,1
HHLAVAGPLPHHGLKNLAKRYGPLMHLQL,0
LANQIVLGRPNLMGKRSLAEFQQQQQFQF,0
ASPPEDIQDEVEVNKKRHLNVVFIGHVDA,0
EYVSQGLRQYNLDNKLDGFYIAPAFMDKL,1
TESDVVEPPLPPVAKINPSNDNGSAIAPT,0
CCSKKLDSLQELGVKASEFNGLAIAHSRS,0
VLAARHLIYQHQHNKQMSCPAMGQLLSNT,0
GTLHHLTLEVIDAGKKKLYEAKVWVKPWL,1
ANADFHLFKAGIEPKWEDPECASGGKWTV,0
GRRQRRGEDVVHPLKVSLEDLYSGITKKL,0
DFGLSVFFKPGDVFKDLVGSAYYVAPEVL,0
VNHPLYTPVSDLQMKIGFGFGLVCQVANF,0
VLMSAAEQIFGAGGKRVRPALVFLVSRAT,0
QVLQEKITLLTTEIKDKEASLQSTTSKLA,1
MAEVNGLKLEQRHGKSRVRVARVWKSHDG,0
DVALMVWEKWGQFAKTAIVAIFILSVASK,0
DGDLLTTAKFVDALKIPYIAPSFGGCESI,0
EDIFQLRSSSIQIPKVNGKHNKCMQHMSL,0
NSYSSSDNFSPSNHKKEQKSLSLVSPRKA,0
GTENEFFTLEQLVEKFTIERVNKSGAIFD,0
NPTDYPPPVLELHSKEHTVSTQNLYEVSP,0
KTLDDVSKPFICPGKQSWPELVGKPAATA,0
LVNTAGSVSRLGIPKYEWWSEALHGISYT,0
SLLNLSKNQKEEIAKGLIEIKKPFLWVIR,1
SLVSTSRHGIEPEDKMVGLENEFEMMQDQ,0
KPFACLSTSTDTSIKEAVHTDKAPAALGP,0
YLMVERVAHYSDILKILRDLYPTMRLPEK,0
SAQLTPKTTRSTPVKGETVAKLKVAINGF,0
MSPCPPGCQIAHEVKHMHHPQLHVHHQPQ,0
EWGIAELVNHPHIQKKLRDEIDTVLGPGV,0
TNKTTSFDHRFSASKLSLVFNPSIRGSLC,0
DYFPSRYDPVRHAEKYPIPSTMCTGKREK,0
LMHLHLFRVSEASVKPEKKTEDDDDDVPI,0
DVVAIGQFAVNEQNKAAGTKLEFQSIAKG,0
GVAQNGHQEMDFCVKVDPLNWEMAADSLK,0
IYVEMAPGVTTQDLKDRLVNYYEHEKFVV,0
FALKSIVQLLLPEFKALFDSTHNEFDSFE,0
GHSIECRINAEDAFKNFRPGPGRITAYLP,1
KSKSSICSPTSLSMKKRDQENNHLVVCFG,0
RHPSLLKNMTLQYLKDITTTFPSFVFHSR,0
IDYGEFIAATVHLNKLEREEHLMAAFQYF,0
LKHRVFEVSLADLQKDEDQSFRKIRLRAE,1
SDELISNRMSVEEIKEFIGSDSLAFLPMD,0
VAHKDGKLIGTQSLKSFLGDEKLKEFINF,1
PSGGGVSVAEEEPPKEEPSEIELLKKQLV,0
LLNSHTDVVPSEHHKWAHPPFSAHLDPAT,0
DGLINKEEFQLALFKTNKKESLFADRVFD,0
DVEELDLMVGMAAEKKIKGFAISETAFFI,0
SDVSHFGYFQRSSVKEFIVFVGRTVAKRN,0
FLRELISNASDALDKIRFLSLTDKEVLGE,1
ATATATTSFLCALDKKTPFLCTLDKKGTP,0
IDMLKCMLVELDLWKIKSTTPSIEEYLSV,0
NYSVFYYEILNASEKACSMAKQAFEEAIA,0
HRLATVLMYLTNVEKGGETVFPKAEESPR,0
IIDAQHPCIANVAVKKELHTPASDRSCTH,0
CEGRDRVERCEVFGKWRARMSMAGFVQRP,0
LEHVEGYHELSAKTKIFFSTAVARWDADF,0
ALLSLAFEHVASKTKDVTPQRVVQAVGEL,1
AFEYTLKAGGLQLEKDYPYTGKDGKCHFD,1
RNQASSCDLKELVAKFIPESIGREIEKAT,1
RTPTRKVRSSPSEGKAEHDIKAAAGVXXX,1
DGRINYDEFAAMMRKGNLDFVNNRRRRXX,0
EYGWGESFHFAPRWKGESLLESIKRNEHF,0
IGVAEPLSVFVDTYKTGTIPDKDILALIK,0
DRRRPGQSRITTPRKETDTCKISSGIADG,0
LTVTRSLSSLREVFKTLVDSKKVVAFVVD,0
ADHQHWHSSTIDSIKAAVPSSVDRFHSAP,0
XXMASSILSGAENFKILSGISPSELHIKC,0
VTINGYEDVPENNEKALQKAVASQPVSIA,0
YVDVSLAYCCRGPIKLCCSQNQPLKVEGL,0
TGMDLVIIPAGIPRKPGMTRDDLFKNNAG,0
YILDQVPALEREMLKRIKEQGLDIKPRIL,0
GTTRRGQVLEVDGEKAVVQVFEGTSGIDN,1
YTAAVLEYRVVTHEKPNNDLSNTNGHANG,0
GAGIPNSVICTTINKVCSSGLKATMIAAQ,0
GKITMLAMEKMPLMKSVVYEALRIDPPVA,0
NASLFQAIRSMSSSKLFVGGLSYGTDESS,0
SDVLSANILDVEQCKELKMGSYLAVGEAS,1
AGRSHIVCHAIERMKEVVRNYNVESTWFI,0
NETVEQFLRRYFGFKHDFLGVVAAVLTAY,0
MAALEPIKDNEEAVKAYGIHLGTEMCKKI,0
APSRIHVTCALVYDKMPTGRVHKGVCSTW,0
APLLCAGITTYSPLKYFGLDKPGMHIGVV,0
TRQVLSGLYYLHRRKIVHRDIKPSNLLIN,0
ESKRRELLGMVLQNKESQLPQVCKDLFWT,0
MDLPDDPIMKVGEEKEIGNQGLKKKLVKE,1
GEAGDRAQFTEYVQKNVALYQFRNGIPLT,0
LRSNMDNDVSMALKKAKFIKVRLEALDRS,0
VLSDRLRISGSLARKAIRDLMARGSIRMV,0
LHEKEEIAEEIARLKSGVNALSEARKTSP,0
PALANSGKLDALLAKGKEYVFVANSDNLG,0
AALEAEKVILEERKKLKAEGVIGSTMDAL,0
TDLNSYVIGDKSILKDAGIQDIKDVEALP,1
VFAPLAKLLGIYQIKSELENLAFMYTNAQ,0
YMAYIMDTNEEERVKGITVEVGRAHFETD,1
FVRESSSSAIINPSKAKQISWKPRAFVYE,0
VIFTSTASETPLFLKEHVLDLPAVAASVG,0
LEQVYEKEYRKARGKKVWCVGPVSLCNKE,0
VSEKEEYNGVWKHAKSEGHDDHGLLVSEK,1
AATMAKTPNVAYLPKQGNMLLGLNASRXX,0
LLATVTVDEAAPGLKTILSFRIPDQSSAK,0
GVLLDDIPGSFQGEKTSPPNNNSARGFEV,0
DLFCRYVAGDFGTVKMGNTSYSKIAGIGD,0
PDQGIALRGLFIIDKEGVIQHSTINNLGI,1
SPCQSQNQNQNQNQKLASLSPSSSTSSCA,0
YIKERHETVITFGDKSRVGRGGMTAKVKA,0
ESSIPLSPAAPELTKSRRNKRSKEAKEVT,0
QTMERARFLETGIFKKKPADLIQIFKDVQ,1
VGQDPLIEVAIALEKAALSDEYFVKRKLY,0
ILKELLRSDGEGLFKYPTPQVIQEDKTAW,1
NARLYIDQRCLYFQKPLLESGTLGAKCNT,0
ITGVGLVSDVFNESKLDQLPGDMAIGHVR,0
NSKFQNPILQKLDSKLAGLLSEASSEEDF,1
IRAMNSEAVHAGSRKTGMIILGGGLPKHH,0
ADDVFSLFVSEEVDKVELLYTKFVSLVKS,0
AAVGDLTRAKENLLKLQERFKLGERVKRS,0
ESLDEMNRNAFALAKELELANSRISSLKD,1
TGEYGWTANMERIMKAQALRDSSMAGYMS,1
ESSFPRLFGQEVANKVLVVLREIYNAXXX,0
LKCCREVAEKYPEIKYEEVVIDNCCMMLV,0
ELLNDVKAIWLRNPKEVTEEEYTKFYHSL,1
DSEQRIGPGNRISYKLLHGELVEKENFLP,1
THLGCVVPFNAAENKFICPCHGSQYNNQG,0
SGAVGVGRQRLRYRKLLNSSFLDLQKPQS,0
KPEEFRPERFFEEEKHVEANGNDFRYLPF,0
SSIDDAAVINELVVKLETCRQELPSGYKM,0
FCGPVGPRGRDSCGKCLRVTNTGTGAQTT,1
SPGPGEPPFVKVGDKVQKGQVLCIIEAMK,1
KLEEWRKEWIAYSNKWQESTELYPVKAQG,0
SYAVSGIGASELTSKHASIASQSVQKWPV,0
IVFSLVQWYLVSNVKLTPESSSPSNNGKN,0
EFFCSGEKLNTLVEKCKAFPYLTYMAINK,0
EHMQSRIKEAANALKPCLNAESPAIALAA,0
LNFAAFSDGYDDGFKADEHDSQHYMSEIK,0
AYIEFANGDSDALNKALELDGSEVGGYNL,0
RFLDILQDLHGEDLKETVQECYELSAEYE,0
LTEFMVDMSCQGCVKAVKSKLQTVEGVKN,0
ATSMSVSIECVNICKSWKGDVSGRFDCSV,0
TTPWGYPALGRRSRKRNKYSDNLILRRRS,0
HTDAGGIILLFQDDKVSGLQLLKDGQWID,1
FYEIYGHYLIVRSLKKQILFIYIRTTVGH,0
LSYNSEITEITTQEKNEHEMLKEIVRKML,0
FKTAIWFWMTPQDNKPSSHDVIIGSWTPS,0
SRQFLFRDWNIGQAKSTVAAAAASLINPR,0
VVFGKVLSGMDVVYKIEAEGGQSGTPKSK,1
HVAKSQMPESFENHKHWYDSSLKSVSDSA,0
MAADSLKGSHLDEVKKMVAEFRKPVVKLG,0
ARRYPVTAVQWHPEKNVFEWRSSQIPHTE,0
INSIARRNYNCETSKKYSVTDLNYPSFAV,0
HHQGNDVCPIPGTTKIENLNQNMKPCPSS,0
XXXMGRTFFVGGNWKCNGTSEEVKKIVST,0
PTSVPEPYEDAEQLKKAFAGWGTNEALII,1
EFDEVNRCTLAEMMKDKGPVWDEIVKENG,0
WMSFARQILLMRNAKSMNNRFCYVSSFEM,0
QTGEDTELMIDTSVKIAWTDDNYICATLD,0
LHGYDVSPDALNNFKDGDQFVCFRGEVDG,0
SLAFHKAAGGFGGIKILSRPRIPVPFPDP,0
DPDNLKPGDLVGVNKDSYLILDTLPSEYD,0
LEVDEKGESFYSGAKEKLRVADLIGRAIA,0
TGFTTLGIVKHVDAKNVTIIDQSPHQLAK,1
GVIADGVDANGKPHKLRLYSTASSALGDF,0
TSRSTPGELVMCQEKLVQEAVDTLLDNGI,0
AVLGRFPDISFIQLKMPNLHFLPVNLSSK,0
EVHPSLNDSTGVQSKSISDDTLSNLSRTV,0
IIIAEPNAYIAFAGKRVSEQTLNKTVPEG,0
GVFGLGNRQYEHFNKIAKVVDDLLAEQGG,0
LDGEHNIDRTFEVAKKVWAEVFFYLAENN,1
LVTSADMEKIKGLPKLGLPSLGEDRKFLL,0
KLYEVFLQFLQNLAKLNPWPNVDAHSGVL,0
KGLCGIATIASYPVKTGQNPPKPAPSPPS,0
AEDAARAVEALNGYKLDNKDWFVGRAQKK,1
LRDAVARYTTQVYPKSWTAIYIALDNVGM,0
VGLRIENELSVPYDKTRSHPAALIFKKYT,0
GLMPDSSFNAYILAKAISVADWVAWCDVQ,0
VLLLEVSPTPFENTKKDEKFKPVLKTFDL,0
NLGMLAATLARHRSKPRIYIGCMKSGPVL,0
GRKILFSSNLPSSSKTSRIAVKASLQQRP,0
RAILSPEQFRILRQKGTEYPGTGEYDKFY,1
VDEGIVKISDALSGKRVLLVLDDVDDSDQ,0
GLADRAEYGSDGNIKTQIVKSPFVQIPLG,0
SLASLTRETGPKVVKGDPARQAETPKVAQ,1
FTNTDLIASLNLNDKGDALSASYYHIVSP,0
KEDGLWMPVDPETHKTLGYCFIEYNTPQE,0
STFHNGIYSRIQPRKHFEIMSSNGFHLNA,0
VQTYAMYYWCFHYFKRIMETFFVHRFSHA,0
RLGDVVSVHQCPDVKYGKRVHILPIDDTI,0
FVPLDTPLKLLDYFKVGGFRVGSISDAPS,1
LNGPGETYSVTLSEKGTYTFYCAPHQGAG,0
ARGGRDDSAVGRQPKGIGRGMDDGGAKGR,0
TAREMVMQEVRKQFKPELLNRLDEIVVFD,0
VSLTFALRYLNSFTKATPLSNTVTISLSS,0
NLRRMLDAELENVSKLKLEVQVTQETLEK,1
XMGLKGKLVVSMEVKCGGHLFHDLYQTKP,0
TAVTSLLEKYEIDPKQIGRLEVGSETVID,1
YAAEEYLKSGVKTGKSSLEQISRVYGNQA,1
FVEIMQLMEHRYGAKDFVTSKDCSLLAPG,0
YSNISCTSAACSSLKSATGNSPGCSSSNC,0
LIAEGDTVLAITVRKVLREAASGGRDAER,0
YKHKFSLLSLSNPIKPLHFNFLTHSRSTP,0
SGYGDASQKIDYVFKVVLIGDSAVGKTQI,0
ASEDELKGFDSDFVKVDQATLFDLILAAN,0
GENISKEQLKDYAWKTLKSGKVVPGFGHG,0
ALQHVRVLYRESLQKYRGQVADSGSPEPE,0
TCDTLEQAFNRVGGKAGNKGAETALTAIE,0
ILALTVVRENELPEKDEHEIDEKAGGGGK,0
KSKVPFFGEIFGALKDLPRPMWILLLVTC,0
VKTTGGIQRAQDLAKEKADLALQSLKCLP,1
TIAFPILVAETFAAKRKELSHIRCQVXXX,0
GYIGMEVAAAAVAWKLDTTIIFPEEHLLP,0
AAYSYPKIDCGGACKARCRLSSRPRLCKR,1
LRFSVEEIYHTEVWKRHQGFVNGDDSWPN,0
FRQIGEPLPHKVTMKDITETLPKKVFEID,1
LFSIHMPAYYDSLRKGVATVMVSYSSWNG,0
EYHTLINQREIQQRKERSILWDPSFLQTE,0
DNKYTTVQFTGEVLKTPVSLDMLGRIFNG,1
DSFDVCFSSPLRRSKRTAEIIWGAREEEI,0
CNTSTLLMLLQQTLKASGAASLTPQRRRT,0
HFGERDCSIQRRNQKLLEEAPSPALTPEL,0
TGAQRAKYLRAIAAKILERKSELAKLESL,1
NKIGVCLYFNVMACKITDLSREKLGLEHD,0
SMIFHDQDNWLNPVKPFHRSSLISSFYKA,0
FLRQLSEETFEDLGKDIHHQLQNAWETWL,0
NLFLSNGTLLDQMTKTLLRKRWLFPDEMK,0
LGRDPLSIVQQTAQKFGKYFSYCLPTSRG,0
AMLVGPDAPIVFESKIRASHMAHVYDFYK,0
DASDDIDRDLDTELKLLTRMNGLTMDMMP,0
AVRQFHWLFEDARSKDIEDVLILSGDHLY,1
AILEEASKTKTFENKVEWGIDLASEHERY,1
LHIQGGQCGNQIGSKFWEVICDEHGVDPT,0
ISYGSCLLYNSMFPKHKERMDRKLVDLAR,0
TMALSSPSFAGQAVKLSPSAPEITGNGRV,0
FRETQPLGTAAQTDKDYKEPPPAPLFEPG,1
XXMLELRLVQGSLLKKVLESIKDLVNDAN,0
LLRQLVCTNSQNVIKGGYWFKNSGLALNN,0
FGVLPRYAQSEALIKWFELPNCFIFHNAN,0
VSAIHPLLPLINLLKTHGKLVMVGAPEKP,0
QAVPGSRLLLTTSSKWKLCCSLSFSSESC,0
HEVDIYESRPFIGGKVGSFVDRRGNHIEM,0
LRAFGAELVLTDPAKGMKGSIQKAEEIKA,1
RCHFVADSIEAAGTKRRTTRWRSPRAAVI,0
LEGEVFDAVLDNNGKDLDAVRPVADWAKS,1
RGSQLEDGDIICIQKPLRSQTSEQYRFPD,0
PDAITGDIVFVLQQKDTRGSKRKGDDLFV,0
DPDLDAQVEFGAFQKLGDPTTKRQAAXXX,1
QEVYKTHEAIQSLDKSIAMLQMELAATRS,0
SIDIFEAFDELLLMKRGGQVIYAGPLGRH,0
YYKRNSVTLDHAVSKHTSGDYKAFLLTLL,0
SCNQHWITWTLEYEKKTEDTSEPITFLGF,0
NSRMSYSRFLEYLDKDRVQKVDLFENGTI,1
SFNAINFFEYISSYKGRVKDAVSETSFSS,0
QNGQWLLTIGSKIGKTGIAIVYGTSNFTN,0
GSTKNTTSVSSSVLKEVTEQIRLAEESSY,0
WWKDLDRANKFPYAKDRLVEAYFWTVGIY,1
KAPQAALGFRVQCNKWAIIVRLLLGEIPE,0
IDVDPKKQTDSDRWKGLVQDFSDDQQDIT,1
YHIYAMGRVENLWGKDWAEFRPERWLDKD,0
GVPQKGWFSVDFNFKDLALVSLKQGVFSR,0
DPNGPLRMPIIDKFKDMGTVVMGKIESGS,1
EASGPWGFAGANNDKPKITAKFVAPCYSM,0
NGKYKSVMHRVIAQKDGTRMSLASFYNPG,1
SDSGARPDEAVSWGKIRGGAKTVKVHCDA,0
TTLKPLGDRVLVKIKTAEEKTVGGILLPV,1
PADQGVEGSIWQLAKAYAAVNDSGVHQLI,0
ALHAMQKQVEEANAKVVQEREAARRAIEE,0
AGQVCSVFNQTLPNKTFTGFMKIPVKNPS,0
IATNRQLSALHPIYKLLHPHFRETMNINA,0
KASDPDSASVLNGGKIIGIHSVSELETKL,0
AATMMTSLPQFNGLKPKTFSTSPVQGLVA,0
SSPALVSGLMVVRAKNPVHSVLFLIPVFR,0
KLLGEHAKNILLMSKVENQEGVANFDDIL,0
LAAEGHDLSNPVDLKDNWAKHGTNRYITI,0
IRKRKNVNGDWIDDKIESWVANSDSIDDE,0
AEYWKQVIKINDYQKTRFVNRVVASMFNT,1
LDLQTPNKFDNNYFKNLVDKKGLLHSDQQ,0
LNISPDTFFSIHTDKEDGTPLGGSSLPSP,0
HPDANPALRGQDIYKSKQVRDKQIVRILG,1
AAIITQCGWRRRVAKKELRNLKMAARETG,0
LRQSSPENNSITLSKSLPFTQTHRRLRIN,0
TNLLSLGTDLSFDTKVGAITKCNAGLSFT,0
YEMRFNMKSGAASQKKLSESAVDFPRINE,0
TVEYITRYIAGLQQKYTQSGGVRPFGLST,0
NMKNQINDKDKLADKLESDEKEKIETAVK,1
GFYMLRWQEPGRAEKDFGRFDTKTVVKNI,1
ILDGEQKKQKVSEIKAGLDDAEALIRKMD,0
ARYVLLRLLSSISGKIEEFHEHQDDDQLA,0
GLLKHVAQDVVKLAKEGLERRGYKETGFL,1
EEFNEIHFFGDKTYKGGNDHEIYESERTV,1
NQHFDKAWLAHVQLKAALFYAEACYRYSL,0
GQPYTVQTSVYVHGKGDKEQRVNLWFDPS,0
GEERQALVNQLNSAKSTVTNLGQELQKEK,0
SNFQAVVFTDISLEKAVEFDDYCHKHQPP,0
GQGIGASVNAVQYGKDVIHLHNLIDQVYK,0
EEEDIEEPEAETDDKEAAAKDDYDAKDEL,1
NRLDEIVVFDPLSHKQLRQVCRYQMKDVA,0
IKLKVPEGSNDVVVKNLYLSCDPYMRSRM,0
VDLSADLDKLQGRWKLIYSSAFSGRTLGG,1
MDESLELFSWHAFGKPHPVEGFLVGSNEV,0
LYSFQGLLKHEGKAKYGEAFRQWQIDAPN,0
XXXXXXXXMEVTAEKRELEFAAHKESEDR,1
GIQGGISNGEVINMKIAFKPTSTIARKQQ,0
TINGPEQLGNIQVPKRASYIRVIMLELSR,0
RGEIENSDLHLSNLKAVCRPSGTFVHPSG,0
KSFPDTIRALKPNPKSHIQEYWKILDFFS,0
LSVSAIATKEDEKVKEVETQKEQFNFKTY,1
IMADTVDQMLNLMQKAKISGADLVEVRLD,0
VSGEYSMIKAGGVLKMIDEERVMMESLMC,1
WFDKSSSQWVAFDDKCPHRLAPLSEGRID,0
WLLDHCLDDMEFITKFIDKAALGRLRMVT,0
DLHHAPVVHYLMGTKVKSLFDARPHVKDW,1
DDNAAVVIDQEGNPKGTRIFGAIARELRE,0
EGNRTDMMGTQVEIKKAEPKKPSNPASAP,0
VAEAGIGTVASGVAKGNADIIQISGHDGG,1
RSIQDAYIHAIRRAKNFIYIENQYFLGSS,0
IAVIATEKYRSIVFKEPRFVEYSALATPE,1
MFDNTLYEQCRKKYKAIGTFMSAYYKSKI,0
TIGPFVPPIVLAIAKSPMVDDYDLSSVRT,0
AKIAKCVIEVIDDEKKSNTWKVIGGDLLE,0
ISGQVSITLIATGFKRQEESDGRPLQGNQ,0
ETLSSTEPHYIRCVKPNNVLKPCIFENVN,0
SINYLDDPDYEFAEKLVPDPRYDEALTQP,0
EDGIFGTSGGIGFTKQNELFVGRVAMIGF,1
RYLDEPAQDTVKRMKLYAESLARFQGGSP,1
MHRDLKPENFLLVNKDDDFSLKAIDFGLS,1
HLVANNWPGSCSTRKWRSHWMSFARQILL,0
FILRIEDTDLERSTKESEEAVLRDLSWLG,1
SWTVQWLKFDNSYFKDIKERRDEDLLVLP,1
RMDRKLVDLAREVAKADLPPYRKHFDVVV,0
AAIECLKTPEKHFEKVLRLAIKGTGTDEW,1
LEAKLKKLEEQLEEKKAEYAEKIKNRVAS,1
VPVLAFQFHSLRDFKEKVSLFHESALQRF,0
FVSRASSELQTEFEKVKSLMIPSSMIELR,0
EEEKAGEDTAVPVEKYEETEEKKGFLDKI,1
AVFNFFVSPIVGEEKKRELVDEIVSSSSI,0
TDDAAVTENEEKLGKILDVYESRLKDSKY,1
MGSSGDAWKLKDHPKLPKGKTVAVIVLDG,0
RPSTLPSPTDLHLFKEGIRPLWEDAANCN,0
CFIEYNTPQEAELSKEKTHGYKLDRSHIF,0
QNQDSSEEQNEEEEKEEEDQEDEKDRENE,0
KDYALKFGGLEQYVKSGMVKEYVPNLETI,0
NRTKLAVELAWFDFKNSTLESIKLNSGNQ,0
SLSNSQSSTFFTYLKPCPILSSTYLRPKR,0
RPRKNVTSPAVSDPKLVVAYEELKGKLEH,0
LSVLTRTADGNEGGKHQLITATVNDGKLY,1
ATLSGAKTGRSPRDKRVVRDETTEKDLWW,0
LGVNQKGSSSLPQFKCSSNSHSVNQYQNK,0
NSSRFGKFVEIQFDKSGRISGAAIRTYLL,1
LDPEAALGSRDALAKTVYSRLFDWIVEKI,0
ADLTSSFTINGFLCKKNFSEIDFSSMVIA,0
DERGGRSYSFMLRTKNPGGEVPNRLYLVM,1
EDLLYLEFLDKFERKFVAQGAYDTRNIFQ,1
TGVQGAVNIQGEDQKKLDVVSNEVFSNCL,0
XXMYSIAASSFLIHKPLKNFPFHNPNRPL,0
DVIMRMMARNSMSEKLAEDIDGAVKRLSD,1
NMLLQIDQECLDVYKRKVDQAVKSRAHLL,0
EAIGNAGSAIGILAKDGVVLVGEKKVTSK,0
PEECERLDQIPSDEKLPNFFKAVAMMQEP,0
VGSSEAIMLAGLAFKRKWQNKMKAQGKPC,0
LRLYDPNHGALQALKGSNIEVMLGLPNSD,1
STVVDARDLWAHSTKGSVKGQLSASIDSH,0
NPGPQTLSSWFKIEKLGTDYKFVFCPSVC,1
XXXPIPPPDLKSCSKAHINDKAEVSYSCC,0
GHNDVLAGCISGPLKLVSEIRNLHHILGG,0
VNANRFSSTITRAIKSGLRIQILTLKFPS,0
PARAFVKDSIVIYNKTLADCNSEELLSQL,0
THRHRRFTVRAARGKFERKKPHVNIGTIG,0
CYLLAGIGYKGLTVKQFQELRSQLPDTTK,1
RERQERISQIIQSRKQEREARRKMIFFLR,0
AAILASTPLSSRSCKPAVFSLFPSSGQSQ,0
HYAHVDCPGHADYVKNMITGAAQMDGAIL,0
SAFSLLNQVLDEYLKNFGESWKTVQSDNA,0
EGTESSAFWFAVGGKQSYTSKKVATEVSR,0
AYPGGPFFNPLGFGKDEKSMKDLKLKEVK,1
FKLGERVKRSAGISKKDGNIDYADDFFAR,0
QREDDLNEIVQLVGKDALAETDKITLETA,1
GVLVKKDDVKKALDKLMDEGEEGQVRRTK,1
PPGPELLVSEGESIKFDQPLTSNPNVGGF,0
DLSHPFLENAIQAFKGLRLRLGGSLQDQV,0
TEIKFVKHRVDAIDKEKMTYASTLIEGDT,1
TIASSLDSRFLSGLKDERVQAAKVFKASG,1
NKVAENSFVVIMLSKNKASSTGTSSSPAA,0
NEFEMMQDQLARGAKELEVVSIVGMGGIG,0
LTCHLSKRSNRNTQKLLEKKKYHIKKSLI,0
EKFANAFAKAVQSMKVGDGFSEGVEQGPL,1
VFNNATRASVTASLKIWSLESADIRSFPL,0
DAVRARVLVNQVDRKLVKQTVMTSVYGVT,0
SWDKTGGVQLASVPKPGSLPLVKQMELTI,0
QNLIDRDLLSIPNGKLFMHQLIQDLGRXX,0
QPLLPSSSRSVFLRKSLSCSSSKYMEQQN,0
VSYNRLCGQIPQGGKLQSFDVYSYFHNKC,0
MKSVLVDFLVGAGIKPTSIVSYNHLGNND,0
IHQHGSAHTDSIITKDQEVAEIFLRQVDS,0
CVDAANDEFFRLTTKEGKLTVERDIIRTK,1
XXMSDAKAPLRPKRKMQLVDFLIQFRWIL,0
KQMSTKRKRPLREEKLKQEEKYMWAIVDG,0
TCYDLSNYTSISIPKISFNFNGNANVELD,0
ISPEIFSKFQDENGKFKESLASDVLGLLN,0
EYINGGTNELTIVFKDLGPQVKYSTLFFW,0
QHRFEWLIMQEWFEKCNFQQFGISKKYLL,0
NVFEVVADDLLTLNKNLQNIVGSENPVLM,0
LDKISTWTRNFMEQKLLDKHIPDRSKKEM,0
ESLASSAVRTANSAKAALILVLTRGGSTA,0
STTEAEYIAATETGKEMIWLKRFLQELGL,0
TEIKDLDWESTFFLKHLPISNISEVPDLE,0
THFISSSAPLSVPFKPSLQPVARRICPFT,0
AFDCQLHEFHTEENKLVGNLSWRIRTPDG,0
XXMSWWWAGAIGAAKKKFEEDDAPPKYQS,0
LCNKEIEDLVTRGNKTAIDNQDCLKWLDN,0
TGSDLTWTQCQPCVKSCYAQQQPIFDPST,0
LREIRARANDVEDEKRGIKIVKKDWENLH,0
LKLHDNWVHTICPTKIHSNLFLVDALQNL,0
XMGKCYPTVSEEYLKAVDKCKRKLRGLIA,0
KATGETLSQGNGVGKVILANIPRYREVLP,0
SFLTWESLESVRRNKVGLKGPMATPIGKG,0
NNGTDVSYIAASYVKFAEMAGARVIPLIY,0
EDFKASEIEVGVVKKEDPIFRVLTTEEID,1
NSFILQQFENPANPKVHYETTGPEIWKGS,0
RGARLAAAGILGILKKMGRDTPRQGGPEK,0
PTVRRIVEGETKVSKLGKIKCKDESHVQD,0
FGRNMLPVDQHNQLKKPDPMVVATKLLAR,0
TPSQPLLPLPKKAPKILVAGTHADNLGYQ,0
PLVSELNLYDIANVKGVAADLSHCNTPSK,0
CKDTFWPIVEAAGDKTVVVDMYTQWCGPC,0
GYRATRRNANQEYQKPPQHQPERPYQPQP,0
VLVEQNIVPGIKVDKGLVPLAGSNDESWC,1
PVYGARPIRRWLERKVVTELSKMLVKEEI,0
NGSCSILDQRFLYEKYESEFEEGEGEGAL,0
SSIFNATPFLRFQAKTVVTISKTQFRSNS,0
FGMGVCAELCADQYKITRQQQDSYAIQSF,0
LCIQAPRTSRASLVKGRSQANAAAQQALF,0
XXXMGNTCRGSIGGKTFQGYAQPEDSSYS,0
EIGLPIIEKAGVAHKIEFREGPALPVLDQ,1
LGMRLDRSDLNLLYKAKYRGEIPDAYERL,1
ESNRPFVWVLGGGDKLNDLEKWILENGFE,0
KFGGYLTFGTLEVGKVSAPGQPTIKDLLN,0
PSSYTASEIDVSTEKSPEQRAFLVESRRQ,0
ELHLKQLDCEILIRKKEALPQPPPPAPAH,0
LLAGMRANWYGLLGKKFKDTFGHVGGSIL,0
SAPFICEFFKDQQEKVLPYMDFVFGNETE,1
TSLDQYISRMKTGQKDIFYITGASKEQLE,1
TTEKEISDDEDDEPKKDEEGAVEEVDEDK,0
TNMLHEDTAWQPVWKEEFDSFPALRKAII,0
GQRNLVVVSSPELAKEVLHTQGVEFGSRT,1
DATSILQRPKVSPHKEAIRANLCKLLGAD,1
QFSDGVGYSWIDGLKAHAEQHVTNRMMLN,0
SFENQLSEEASDVEKARKVWEVSEKLVGL,1
YIFTVNQATVEGQEKSNIERGMISADTYI,0
PTRAEIYAQLLGSLKGPASAVVGTIQAPA,0
RDLDSVSFSEWFMSKGGTRTSIQRMWDPV,0
XXXMKNRHSVKVSVKWIPIFSIAFFFTGM,0
ALKAIQMNIEESMRKHIAQELRINQSSQV,0
QRVPLYIGSTEEVEKLEKYLSXXXXXXXX,1
SVVKLESQHLAQIAKGVQRLTGSKNVRIK,1
NFMPEPGSPEYEELKTNPDKVFLKTITPQ,0
ATTWTTRNSLLMEFKVSHDPTRKNGNETK,0
LDNLIYNYSPSFAGKAGGSFDEVYLFSPR,0
STGPGIRFFQLYVYKDRNVVAQLVRRAER,1
RAFASRVFPPHVTSKLGIKHVKGMLLYGP,0
FTYGQFLNILFIRNKIFSLCVGKKKHAFW,0
GLLVSEKARKYAIVKELDDVVDLKDGTVV,1
PRNWLFQTEGSLLYKPVRLNCATSDASYL,0
NAHAATAQGRSQLAKAAKTQRSNSSLTCL,0
PFDNLTVQIRKFNDKNFNAREMVALAGAH,1
NVENAFTEVLTEIYKVVCRKALEVGDDPA,0
PEVPRGGEREVMSAKIRSTYQGFVDSPHK,1
SQAPFLSVSVTDPAKMGNGVQAYISYKVI,0
VTDLPFFASKVRLGKNGVEEVLGLGPLSD,1
TAEVPIEWEEHYVGKEIDPRTNSFLTWES,1
PIGKGHRSLNLTLRKELNLYANVRPCYSL,0
STMFVNHARRFRETKGIMVNTFTELESHA,0
ILSTVLASSDILQAKQFIDHMLSDDVPLV,0
NYAAYERGGIVTQVKEPKVLKFKPLREAI,0
NEKIQDLKQFVELCKTNPSILQNPSLSFF,0
SSVIETEDGDQVHVKNKSLPLSTLIEILK,0
RCANFTVWKMDKKYKYVVGRGKVGILNNI,1
VIGKAIDLLEKVIIKLMHDSTKPLHYLSG,0
KCVGLQYLEAIRKLKASGFQPTRTVYLSF,1
IGSVLSGGGSVPAPKASAQVWTNMVDEIQ,0
LLDISAVIDQDFLNKYDIKPNNAILAEEK,0
DVCGPMEIESMGGNKYFVTFIDDASRKLW,0
EIAAKAETKQGRCVKDHLINLWIDMLKCM,0
KNVFYGSKGPNFGTKVSNYPPCPKPDLIK,0
SLTGDESYQSRDLEKVSWQVAKPFYDEKV,0
VDDWKGIQRYNFNAKVTQQDLDDTFNPPF,1
TWMNIHLREVICTSKDGDRFWRMPECYVR,1
LYEWKEVDINDESQKERVNQMIEDYEPFE,1
YFVVPDLPDRVELTKAQVSGSTKNTTSVS,0
YSHHANVDRMWSEWKALGGKRRDLTHKDW,0
LYVALAQRKEERRAKLQAQFSQLRPVAMP,0
FLNRTSFIPFSSISKRNSVNCNGWRTRCS,0
DFEEYMKMKAIKVNKALDDAIPMQEPIKI,1
QVNLDFSSEADMIRKFRAGLALQPIATAL,0
WAELNRDSQGNMVPKSSTFPSGIKALADY,0
CTKNLVPGEAVYNEKRISVQNEDGTKVEY,1
LFDYNRWNRPFRYIKNNRFEQAIRTEMSQ,0
QDQLMNLTSEIKELKVEVQKRERELELKR,0
EQKNNKGGKMYVQDKIEEYSDEIFKLLDE,0
TSLPFLRIIDLIGNKLTGEIPSEIGRLSR,0
EPCFFTTFFSWDPAKRSAHGNSFQKKVML,0
VHSQVPIIAMVMGEKGLMSRILCPKFGGY,0
GAGGFIASHIARRLKSEGHYIIASDWKKN,1
SLLNQTSRVALEEIKLKFIDTSSKFGHGR,0
DNLRYIDEQNSAPEKSYKLGLTQFADLTN,0
XMATTNNKNLTITEKVYVRVRLANEADIS,0
NPDLANLLVDEEFAKEMVERQSAWRRVVC,0
QAGGARCASGLCCSKFGWCGNTNDYCGPG,0
ESDTRVLAFEAGRKKKVRVNTISAGSPLR,0
WNGSVVAPPDAPMRKYVRYYRDFVLELNK,0
FRGYGLSELPAEPEKTTFRDLVDDLLDML,1
AFSTIHLESAAPHLKSPLREQVTHALEQC,0
LARRDQEHHMEALEKHEIGTFDVVVVNLY,0
KLLDEGAHIYFCGLKGMMPGIQDTLKRVA,0
MEIYVVALSQHRGVKEVTEWMSKTSGVPV,0
GGIGIVHYNNISLNKHPSSVLPNLIKSLS,0
FCFYWNTRFPFSVEKARINNSDFTYGQFL,0
LRQAIRGVTPDITVKARRVGGSTHQVPIE,0
IVRRDLVPDGPGSVKIVPEEADDLWVAYN,0
GSVGVAHNGNLVNYKLLRSELEENGSIFN,0
KVVTVGVVGGSDLVKISEQLGKTVTTDYD,0
QVATTEQAGVEAAAKIEAPVVIVTGASRG,0
SYNKPIPAILEIPSKDHPYDPAHDSVLSR,1
GTLPFDDENIPNLFKKIKGGMISLPSHLS,0
WDDEEFGVPGAFIIKNLHFSEFFLKSLTL,0
EVSDEIEVLRFPMAKENQVKTLDDVSKPF,0
MDTVMEIQERHEAVKELERNLKELHQVFL,1
QRPMSQLVANSLCSKLNSGTRGNPGFTVN,0
SGLNRGLAASEEDLKKADAAAKELESCAG,1
ISVTSYTLGLFMIAKAPWCLLPLAWAWTG,0
KGTVVLMKKNVLDLKDVGASFLDRVHEVF,1
RMFYEIVVAPKYTEKGLEVLRGKSKTLRI,1
QIRSSLEEHFASCGKIFKTRIPTDPEGYI,0
MRMMYTDIIQALKVKGIVANPREXLSFFC,1
IRVPHIGWNALDIAKDTQILDDIGKSHVY,0
FFPTWKMIHDIDGSKSKLVKAHRKIDEIL,1
TFNHYLDQHGSEINKDLETDSDDEYLKLL,0
EEPKFEEEEEAPKPKAKNPLDLLPPSKMI,1
EXLSFFCLGNRETQKGGEYEPSETPEPGS,0
LDGFSHDDADKKVRKALLKGQKHVEKMCS,0
EFTSVYRMHQLLPDKLQLRNIDATPGPNK,0
LYRANVTSIILDNGKAVGVKLSNGRKFYA,0
LSDTLSYTDIYKIVKEIVEGPPRKLLEKV,1
LQTERKEIESGRFPKCLSGYSSMSRLFTE,0
DVDKLAFTGSTDTGKAILSLAAKSNLKPV,0
DNTDTVEPDNDPPQKMGDYSGEVTEENRD,0
VNPPKPSPSPPSPIKPPTQCDDYAQCPEG,0
TYLIDKLALRAGNEKDDDEADTVGCCTLK,0
PSPSLFSEERWDPDKIDETEEIRVNGKDK,0
IAAEYEQRRNQRILKEIEDRELEEAQALL,0
NFIATGGRVLGVTAKGEDLEEARDRAYQA,1
DKFVAKVKMEIVVSKDQVEGVIAKIIEEA,1
VMLAHNPGGKERTEKEFEALAKGAGFTGF,1
